CH06,edad2,educ,ingreso_total_familiar,ix_tot,horastrab,CH04,PP07H,PP03C,CAT_OCUP,CH07,informal
-1.0157331318587106,-0.9790837881928817,0.4825599246790142,-0.9761202595898324,-0.7352559081171498,-0.4724886356371546,0,1,1,3.0,2.0,0
-1.7553083712851314,-1.4345737584712193,-0.18706330851551795,-0.5900845457695145,-0.7352559081171498,-1.4712306273193092,0,0,1,2.0,5.0,0
1.3673426396264232,1.4338979187618521,-0.10336040436620142,-0.6078213218099076,-1.3737676177978326,-1.5887296851642687,0,0,0,3.0,5.0,1
-1.5087832914763244,-1.298184106353977,0.31515411638038116,-0.640761048742066,-0.7352559081171498,-0.17874099102475619,0,0,1,3.0,3.0,1
0.6277674002000024,0.5306381471929453,-0.354469116814151,-0.9761202595898324,0.5417675112442158,0.29125524035508127,1,0,0,3.0,1.0,1
-1.2622582116675174,-1.1463541162611977,0.06404540393243162,-0.2010678611861055,-0.7352559081171498,-1.6474792140867482,1,0,1,3.0,5.0,1
-1.3444332382704531,-1.1986797060671837,0.14774830808174813,0.2162680456466705,-1.3737676177978326,0.11500665358764223,0,1,1,3.0,3.0,0
0.2990672937882598,0.17379478064720444,-0.10336040436620142,-0.9761202595898324,1.1802792209248987,0.5850028849674797,1,0,1,2.0,2.0,0
-1.837483397888067,-1.4766057896268474,-0.10336040436620142,-0.45445037604886235,-0.7352559081171498,-0.4724886356371546,0,1,1,3.0,5.0,0
0.052542213979452884,-0.0758240166239749,-0.6055778292621006,-0.11424708771107266,-0.096744198436467,-1.2949820405518702,0,0,1,3.0,5.0,1
-1.0979081584616461,-1.0365561573240467,0.14774830808174813,-0.23087756881701807,-1.3737676177978326,0.5850028849674797,0,1,1,3.0,5.0,0
1.449517666229359,1.5428380811448066,0.14774830808174813,-0.6780231832807067,-0.7352559081171498,-0.11999146210227651,1,0,1,3.0,3.0,1
-0.029632812623482763,-0.15559909616424872,-0.9403894458593666,-0.5070496051636076,0.5417675112442158,0.2325057114326016,1,0,1,3.0,2.0,1
-0.8513830786528392,-0.8589922706053726,-0.43817202096346747,0.14897263066988534,0.5417675112442158,1.1724981741922766,1,0,0,3.0,2.0,1
-0.19398286582935406,-0.3100024759196174,0.14774830808174813,0.36531658380123333,0.5417675112442158,1.466245818804675,1,0,1,1.0,1.0,0
-0.9335581052557749,-0.9198958259533236,0.14774830808174813,1.1105592745740476,0.5417675112442158,1.289997232037236,0,1,1,3.0,1.0,0
-0.1118078392264184,-0.23365858259612954,-0.10336040436620142,-0.45445037604886235,0.5417675112442158,-0.4724886356371546,0,0,1,3.0,3.0,1
-1.2622582116675174,-1.1463541162611977,0.31515411638038116,0.9615107364194847,-0.7352559081171498,0.702501942812439,1,1,1,3.0,1.0,0
0.3812423203911955,0.2604322326210502,0.4825599246790142,-0.9761202595898324,-0.096744198436467,0.2325057114326016,1,0,0,2.0,1.0,0
0.3812423203911955,0.2604322326210502,0.31515411638038116,-0.08182903066245523,-0.096744198436467,-0.4724886356371546,1,1,1,3.0,4.0,0
1.202992586420552,1.221164373321122,-0.6055778292621006,-0.9761202595898324,-0.7352559081171498,-1.6474792140867482,0,0,0,3.0,4.0,1
0.5455923735970668,0.43885391589392064,7.6810096815202344,-0.9761202595898324,0.5417675112442158,0.11500665358764223,1,0,1,3.0,2.0,1
-0.1118078392264184,-0.23365858259612954,0.14774830808174813,0.8869864673422033,-0.096744198436467,0.5850028849674797,1,0,1,3.0,1.0,1
-0.1118078392264184,-0.23365858259612954,0.31515411638038116,-0.9761202595898324,-0.7352559081171498,1.994991579106992,0,1,1,3.0,3.0,0
0.5455923735970668,0.43885391589392064,0.31515411638038116,1.8558019653468618,-0.096744198436467,0.11500665358764223,1,1,1,3.0,2.0,0
2.0247428524499083,2.353455824860492,-0.10336040436620142,-0.9761202595898324,1.1802792209248987,-0.9424848670169921,0,1,0,3.0,4.0,0
0.052542213979452884,-0.0758240166239749,0.31515411638038116,-0.15635329973973666,0.5417675112442158,-0.5312381645596344,0,0,0,3.0,3.0,1
0.6277674002000024,0.5306381471929453,-0.10336040436620142,0.46517910436479043,0.5417675112442158,1.0549991163473171,1,1,1,3.0,2.0,0
0.956467506611745,0.9149310034729741,-0.354469116814151,-0.9761202595898324,1.8187909306055814,0.5850028849674797,0,1,1,3.0,2.0,0
1.3673426396264232,1.4338979187618521,0.31515411638038116,1.1105592745740476,-0.7352559081171498,-0.17874099102475619,1,1,1,3.0,1.0,0
-1.5087832914763244,-1.298184106353977,-0.27076621266483447,-0.20097843206321278,-0.096744198436467,0.5850028849674797,1,0,1,3.0,1.0,1
-0.029632812623482763,-0.15559909616424872,-0.521874925112784,-0.648213475649794,0.5417675112442158,-0.8249858091720327,0,0,1,3.0,5.0,1
-0.5226829722410966,-0.5982221181296389,-0.27076621266483447,-0.4283668818718139,0.5417675112442158,0.40875429820004067,1,1,0,3.0,5.0,0
2.1890929056557797,2.600501232469082,0.31515411638038116,1.185083543651329,-1.3737676177978326,-1.9999763876216263,0,0,1,2.0,3.0,0
0.052542213979452884,-0.0758240166239749,-0.43817202096346747,0.24756823865912866,1.1802792209248987,1.7012439344945938,1,0,1,3.0,1.0,1
1.1208175598176162,1.1173709902633464,-0.8566865417100501,-0.9761202595898324,-0.096744198436467,-1.529980156241789,1,0,1,1.0,2.0,0
-0.687033025446968,-0.7320383805842917,-0.6055778292621006,-0.2755027011404942,0.5417675112442158,0.11500665358764223,1,0,1,3.0,1.0,1
-0.2761578924322897,-0.38463077613471225,0.23145121223106466,0.5665321103098931,-0.096744198436467,0.11500665358764223,1,1,1,3.0,5.0,0
-0.1118078392264184,-0.23365858259612954,0.14774830808174813,-0.30540183789429953,-0.096744198436467,-0.766236280249553,0,1,1,3.0,5.0,0
-0.7692080520499036,-0.7963731221490287,0.14774830808174813,3.122714539660646,-0.7352559081171498,0.5850028849674797,1,0,1,2.0,1.0,0
-0.7692080520499036,-0.7963731221490287,-0.10336040436620142,-0.9761202595898324,-0.7352559081171498,0.5850028849674797,1,0,1,2.0,1.0,0
0.2990672937882598,0.17379478064720444,0.31515411638038116,0.36531658380123333,0.5417675112442158,0.11500665358764223,1,0,1,1.0,2.0,0
-1.1800831850645819,-1.0923129333468187,0.23145121223106466,0.5143651219557962,-0.7352559081171498,-0.4724886356371546,1,0,1,2.0,5.0,0
-1.0979081584616461,-1.0365561573240467,0.14774830808174813,0.02995737295346691,0.5417675112442158,0.11500665358764223,0,1,1,3.0,5.0,0
-1.1800831850645819,-1.0923129333468187,-0.521874925112784,-0.5289746451261438,-0.7352559081171498,-0.11999146210227651,1,0,1,3.0,3.0,1
-0.687033025446968,-0.7320383805842917,-0.10336040436620142,-0.9761202595898324,0.5417675112442158,0.9962495874248375,1,0,0,3.0,2.0,1
-1.5087832914763244,-1.298184106353977,0.31515411638038116,-0.45445037604886235,-0.7352559081171498,1.642494405572114,0,1,0,3.0,5.0,0
1.9425678258469727,2.2325065107187867,-0.27076621266483447,-0.3208358140202045,-1.3737676177978326,-1.1774829827069109,1,0,1,3.0,4.0,1
0.4634173469941311,0.34878527770328893,-0.27076621266483447,-0.536427072033872,-0.7352559081171498,-0.766236280249553,0,0,1,3.0,3.0,1
0.4634173469941311,0.34878527770328893,-0.10336040436620142,-0.9761202595898324,-0.096744198436467,-0.8837353380945124,0,0,1,3.0,3.0,1
-0.8513830786528392,-0.8589922706053726,0.23145121223106466,-0.46041231757504486,-0.096744198436467,1.289997232037236,0,0,1,2.0,5.0,0
0.21689226718532417,0.08887292178175168,0.14774830808174813,-0.9761202595898324,-0.7352559081171498,0.4675038271225203,0,0,1,3.0,5.0,1
0.052542213979452884,-0.0758240166239749,-0.10336040436620142,0.9540583095117566,-0.096744198436467,-0.4724886356371546,0,1,1,3.0,3.0,0
0.21689226718532417,0.08887292178175168,-0.10336040436620142,0.14174377656938905,-0.096744198436467,-0.4724886356371546,0,1,1,3.0,1.0,0
-0.687033025446968,-0.7320383805842917,0.31515411638038116,3.4953358850470537,0.5417675112442158,-2.234974503311545,1,1,0,3.0,2.0,0
-0.35833291903522535,-0.4575434832414141,-0.6055778292621006,-0.9761202595898324,0.5417675112442158,-1.6474792140867482,0,0,1,3.0,5.0,1
-1.1800831850645819,-1.0923129333468187,-1.1077952541579996,0.36531658380123333,0.5417675112442158,-0.4724886356371546,0,1,1,3.0,2.0,0
-0.5226829722410966,-0.5982221181296389,-0.354469116814151,-0.9761202595898324,0.5417675112442158,1.289997232037236,1,0,1,2.0,1.0,0
-0.8513830786528392,-0.8589922706053726,-0.10336040436620142,0.2162680456466705,-0.096744198436467,0.40875429820004067,0,0,1,2.0,1.0,0
0.4634173469941311,0.34878527770328893,-0.6055778292621006,-0.5036363936398681,-0.096744198436467,-1.2949820405518702,0,1,1,3.0,5.0,0
-0.1118078392264184,-0.23365858259612954,-0.10336040436620142,-0.9761202595898324,-0.7352559081171498,0.702501942812439,1,0,1,2.0,1.0,0
0.2990672937882598,0.17379478064720444,-0.27076621266483447,-0.45445037604886235,-0.096744198436467,-0.11999146210227651,1,1,1,3.0,2.0,0
-0.029632812623482763,-0.15559909616424872,-0.7729836375607335,0.32060202235486446,1.1802792209248987,0.702501942812439,1,1,1,3.0,2.0,0
-0.19398286582935406,-0.3100024759196174,-0.354469116814151,-0.4917125105875031,0.5417675112442158,0.11500665358764223,0,0,1,3.0,3.0,1
-0.5226829722410966,-0.5982221181296389,0.14774830808174813,-0.15635329973973666,-0.096744198436467,-2.234974503311545,0,1,0,3.0,3.0,0
0.21689226718532417,0.08887292178175168,0.31515411638038116,1.4086563508831733,-0.096744198436467,0.702501942812439,1,1,1,3.0,3.0,0
0.13471724058238854,0.005666656024691899,-0.10336040436620142,-0.4768076567720468,3.0958143499669473,-0.9424848670169921,0,0,0,3.0,3.0,1
0.052542213979452884,-0.0758240166239749,-0.10336040436620142,-0.1638057266474648,1.1802792209248987,0.5850028849674797,1,1,1,3.0,2.0,0
0.5455923735970668,0.43885391589392064,0.31515411638038116,0.0121117914802211,-0.7352559081171498,0.5850028849674797,0,0,1,3.0,5.0,1
-1.5087832914763244,-1.298184106353977,0.14774830808174813,1.9303262344241432,-0.7352559081171498,-0.11999146210227651,1,1,1,3.0,1.0,0
1.1208175598176162,1.1173709902633464,-0.6055778292621006,-0.9761202595898324,1.1802792209248987,-1.7649782719317078,0,0,1,3.0,2.0,1
-0.029632812623482763,-0.15559909616424872,0.31515411638038116,-0.007304761585173804,0.5417675112442158,-0.4724886356371546,1,0,0,1.0,2.0,0
0.052542213979452884,-0.0758240166239749,-0.10336040436620142,1.7812776962695804,-0.7352559081171498,0.11500665358764223,1,1,1,3.0,2.0,0
0.7099424268029381,0.6241379716003631,0.14774830808174813,-0.9761202595898324,-0.096744198436467,-0.11999146210227651,0,1,1,3.0,3.0,0
-0.1118078392264184,-0.23365858259612954,-0.6055778292621006,0.19763697837735011,1.1802792209248987,0.9375000585023578,1,1,1,3.0,1.0,0
0.21689226718532417,0.08887292178175168,7.6810096815202344,-0.9761202595898324,1.8187909306055814,0.35000476927756097,1,0,1,3.0,5.0,1
-0.5226829722410966,-0.5982221181296389,0.14774830808174813,-0.9761202595898324,0.5417675112442158,-1.7649782719317078,0,0,1,2.0,2.0,0
0.3812423203911955,0.2604322326210502,0.31515411638038116,-0.9761202595898324,-0.096744198436467,-0.4724886356371546,0,1,1,3.0,3.0,0
0.2990672937882598,0.17379478064720444,-0.27076621266483447,-0.9761202595898324,1.1802792209248987,0.702501942812439,0,1,1,3.0,3.0,0
1.449517666229359,1.5428380811448066,0.31515411638038116,-0.9761202595898324,0.5417675112442158,1.289997232037236,1,1,0,3.0,2.0,0
-1.3444332382704531,-1.1986797060671837,-0.10336040436620142,1.967588368962784,0.5417675112442158,0.11500665358764223,1,1,1,3.0,2.0,0
1.449517666229359,1.5428380811448066,-0.6055778292621006,0.26098260709303933,-0.7352559081171498,-0.5312381645596344,0,0,0,3.0,3.0,1
-1.0157331318587106,-0.9790837881928817,0.31515411638038116,0.7230330753721842,1.1802792209248987,1.8774925212620328,1,1,0,3.0,2.0,0
-0.440507945638161,-0.528740597239723,-0.10336040436620142,-0.06605820484032093,-0.096744198436467,-0.4724886356371546,0,0,1,3.0,1.0,1
-0.2761578924322897,-0.38463077613471225,-0.10336040436620142,1.1299355845341408,-0.096744198436467,0.5850028849674797,1,1,1,3.0,2.0,0
0.3812423203911955,0.2604322326210502,0.14774830808174813,-0.9761202595898324,-0.096744198436467,-1.2949820405518702,0,0,1,2.0,2.0,0
-1.0979081584616461,-1.0365561573240467,0.31515411638038116,1.1590000494742805,-1.3737676177978326,0.11500665358764223,0,0,0,3.0,5.0,1
-0.687033025446968,-0.7320383805842917,-0.10336040436620142,0.14770571809557156,0.5417675112442158,-1.0599839248619514,0,0,1,3.0,1.0,1
0.8742924800088093,0.8162843997403774,0.31515411638038116,-0.9761202595898324,1.1802792209248987,0.5850028849674797,0,0,1,2.0,3.0,0
0.7921174534058737,0.7193533891161737,0.14774830808174813,-0.044566896123814516,-1.3737676177978326,-0.11999146210227651,0,1,1,3.0,5.0,0
-1.0979081584616461,-1.0365561573240467,-0.10336040436620142,0.7810129567143091,1.1802792209248987,1.0549991163473171,0,0,0,3.0,1.0,1
1.0386425332146807,1.0152932003139636,0.14774830808174813,-0.9761202595898324,0.5417675112442158,0.5850028849674797,1,0,1,1.0,2.0,0
0.5455923735970668,0.43885391589392064,-0.019657500216884904,0.36531658380123333,0.5417675112442158,-0.4724886356371546,0,0,1,2.0,1.0,0
-0.6048579988440322,-0.6659880459111618,-0.10336040436620142,2.899141732428802,1.1802792209248987,0.5850028849674797,1,1,1,3.0,2.0,0
1.0386425332146807,1.0152932003139636,0.14774830808174813,2.5265203870423947,-0.096744198436467,0.5850028849674797,1,0,1,3.0,1.0,1
0.6277674002000024,0.5306381471929453,-0.10336040436620142,-0.9761202595898324,1.1802792209248987,1.289997232037236,1,0,1,2.0,2.0,0
0.13471724058238854,0.005666656024691899,-0.019657500216884904,0.5888893910330776,0.5417675112442158,0.40875429820004067,1,1,1,3.0,2.0,0
-2.1661835042998097,-1.62757798316543,-0.43817202096346747,-0.5998032556998828,-1.3737676177978326,-2.234974503311545,1,0,0,2.0,5.0,0
-1.4266082648733889,-1.2492897027647767,-0.43817202096346747,0.2535301801853112,0.5417675112442158,0.11500665358764223,1,1,1,3.0,1.0,0
1.202992586420552,1.221164373321122,0.06404540393243162,0.7230330753721842,1.8187909306055814,0.5850028849674797,1,1,1,3.0,2.0,0
1.0386425332146807,1.0152932003139636,-0.43817202096346747,-0.9761202595898324,1.8187909306055814,0.11500665358764223,1,0,1,3.0,2.0,1
0.21689226718532417,0.08887292178175168,0.14774830808174813,0.8124621982649218,-0.096744198436467,0.5850028849674797,0,0,1,3.0,3.0,1
-0.687033025446968,-0.7320383805842917,0.31515411638038116,2.5265203870423947,0.5417675112442158,0.11500665358764223,1,1,1,3.0,2.0,0
0.6277674002000024,0.5306381471929453,-0.6055778292621006,0.7379379291876405,-0.096744198436467,0.5850028849674797,1,1,1,3.0,2.0,0
-0.1118078392264184,-0.23365858259612954,-0.019657500216884904,-0.30540183789429953,-1.3737676177978326,-0.766236280249553,1,1,1,3.0,5.0,0
0.3812423203911955,0.2604322326210502,-0.354469116814151,0.7006757946489998,2.4573026402862643,0.11500665358764223,1,1,1,3.0,2.0,0
0.5455923735970668,0.43885391589392064,-0.6055778292621006,-0.23087756881701807,-0.7352559081171498,0.5850028849674797,1,0,1,2.0,1.0,0
-0.5226829722410966,-0.5982221181296389,-0.019657500216884904,-0.23087756881701807,-1.3737676177978326,0.702501942812439,1,1,1,3.0,3.0,0
-1.1800831850645819,-1.0923129333468187,-0.10336040436620142,-0.9761202595898324,-0.7352559081171498,-0.35498957779219525,1,1,1,3.0,1.0,0
-0.19398286582935406,-0.3100024759196174,-0.6055778292621006,0.07414653830284093,1.1802792209248987,-1.8237278008541873,0,0,1,2.0,5.0,0
0.052542213979452884,-0.0758240166239749,-0.7729836375607335,0.052314653676651335,-0.096744198436467,1.2312477031147562,1,0,1,2.0,3.0,0
-1.1800831850645819,-1.0923129333468187,-0.10336040436620142,-0.3799261069715809,-1.3737676177978326,0.5850028849674797,1,0,1,2.0,5.0,0
-0.35833291903522535,-0.4575434832414141,0.14774830808174813,-0.9761202595898324,-0.096744198436467,0.35000476927756097,1,0,1,2.0,2.0,0
0.21689226718532417,0.08887292178175168,0.31515411638038116,-0.9761202595898324,3.0958143499669473,0.5850028849674797,1,1,1,3.0,2.0,0
-1.5087832914763244,-1.298184106353977,-0.10336040436620142,-0.32394347604072715,-0.096744198436467,0.2325057114326016,0,0,0,3.0,1.0,1
-1.1800831850645819,-1.0923129333468187,0.14774830808174813,0.5516272564944369,-0.7352559081171498,0.5850028849674797,1,1,1,3.0,1.0,0
-0.2761578924322897,-0.38463077613471225,0.06404540393243162,1.2309159691338571,0.5417675112442158,1.289997232037236,1,1,1,3.0,1.0,0
0.3812423203911955,0.2604322326210502,-0.10336040436620142,-0.6034989142034252,-1.3737676177978326,-0.4724886356371546,1,0,1,2.0,5.0,0
1.9425678258469727,2.2325065107187867,-0.6055778292621006,0.5733644952988983,-0.7352559081171498,-0.4724886356371546,1,0,1,3.0,2.0,1
-0.35833291903522535,-0.4575434832414141,0.31515411638038116,1.334132081805892,-0.7352559081171498,1.5249953477271547,0,0,0,3.0,3.0,1
1.0386425332146807,1.0152932003139636,-0.6055778292621006,-0.14197458726396597,-0.096744198436467,-0.4724886356371546,0,0,1,3.0,4.0,1
-0.687033025446968,-0.7320383805842917,0.14774830808174813,-0.4827695982982293,-0.096744198436467,-0.4724886356371546,0,0,1,3.0,3.0,1
0.956467506611745,0.9149310034729741,-0.6055778292621006,-0.6854756101884348,-0.7352559081171498,-1.882477329776667,0,0,1,3.0,5.0,1
-0.5226829722410966,-0.5982221181296389,-0.6055778292621006,-0.4000476596224469,3.0958143499669473,0.11500665358764223,1,0,1,3.0,2.0,1
1.202992586420552,1.221164373321122,-0.354469116814151,0.619910118036496,0.5417675112442158,1.0549991163473171,0,0,1,2.0,3.0,0
-1.2622582116675174,-1.1463541162611977,-0.43817202096346747,-0.41122629998403915,1.1802792209248987,-1.706228743009228,0,0,1,3.0,5.0,1
0.052542213979452884,-0.0758240166239749,-0.6055778292621006,0.3550322346685685,3.7343260596476298,-2.234974503311545,1,1,0,3.0,2.0,0
2.764318091876329,3.5192013420135253,-0.10336040436620142,-0.9761202595898324,-1.3737676177978326,-1.35373156947435,0,0,1,2.0,3.0,0
0.052542213979452884,-0.0758240166239749,-0.354469116814151,-0.3843975631162178,-0.096744198436467,-0.35498957779219525,0,1,0,3.0,2.0,0
-1.1800831850645819,-1.0923129333468187,0.14774830808174813,-0.3426639724329402,-0.096744198436467,-0.11999146210227651,0,1,1,3.0,3.0,0
-0.2761578924322897,-0.38463077613471225,0.31515411638038116,3.122714539660646,0.5417675112442158,0.11500665358764223,0,1,1,3.0,2.0,0
-0.440507945638161,-0.528740597239723,-0.10336040436620142,-0.3799261069715809,0.5417675112442158,0.11500665358764223,0,1,1,3.0,5.0,0
-0.8513830786528392,-0.8589922706053726,0.14774830808174813,1.3266796548981636,0.5417675112442158,0.11500665358764223,1,1,1,3.0,2.0,0
0.7921174534058737,0.7193533891161737,-0.6055778292621006,-0.9761202595898324,0.5417675112442158,-0.11999146210227651,1,1,1,3.0,2.0,0
1.2851676130234877,1.3266733494872904,-0.6055778292621006,-0.9761202595898324,-1.3737676177978326,1.642494405572114,0,0,1,2.0,3.0,0
0.052542213979452884,-0.0758240166239749,-0.43817202096346747,-0.5401838404380577,-1.3737676177978326,0.8787505295798781,0,0,1,2.0,5.0,0
0.2990672937882598,0.17379478064720444,-0.10336040436620142,2.004850503501425,-1.3737676177978326,1.8774925212620328,1,0,1,1.0,5.0,0
-1.7553083712851314,-1.4345737584712193,0.14774830808174813,0.36531658380123333,-0.096744198436467,1.289997232037236,1,1,1,3.0,2.0,0
-1.6731333446821957,-1.3908261342071981,-0.10336040436620142,-0.5289746451261438,-1.3737676177978326,-0.17874099102475619,0,1,1,3.0,5.0,0
-0.6048579988440322,-0.6659880459111618,0.31515411638038116,0.8124621982649218,-0.096744198436467,-0.766236280249553,1,0,1,3.0,1.0,1
1.1208175598176162,1.1173709902633464,-0.019657500216884904,-0.0321958674569858,-0.096744198436467,-0.4724886356371546,1,0,1,2.0,2.0,0
-1.4266082648733889,-1.2492897027647767,0.23145121223106466,0.2907923147239519,-0.7352559081171498,0.9962495874248375,1,0,0,2.0,1.0,0
-0.7692080520499036,-0.7963731221490287,-0.43817202096346747,-0.19361543427837738,-0.096744198436467,0.702501942812439,1,1,0,3.0,2.0,0
0.21689226718532417,0.08887292178175168,0.31515411638038116,-0.9761202595898324,-0.7352559081171498,-0.8249858091720327,1,1,1,3.0,3.0,0
1.3673426396264232,1.4338979187618521,-0.6055778292621006,-0.9761202595898324,-0.096744198436467,-0.11999146210227651,0,0,1,2.0,4.0,0
-0.19398286582935406,-0.3100024759196174,-0.27076621266483447,-0.23087756881701807,-0.7352559081171498,-0.11999146210227651,0,0,1,3.0,3.0,1
-1.1800831850645819,-1.0923129333468187,0.14774830808174813,-0.9761202595898324,-0.7352559081171498,0.11500665358764223,0,1,1,3.0,5.0,0
-0.6048579988440322,-0.6659880459111618,-0.354469116814151,0.19763697837735011,-0.7352559081171498,0.9375000585023578,0,0,1,3.0,5.0,1
2.106917879052844,2.4761207321105907,-0.6055778292621006,-0.2010678611861055,-0.7352559081171498,-1.9999763876216263,1,0,1,3.0,2.0,1
-0.9335581052557749,-0.9198958259533236,0.14774830808174813,-0.044566896123814516,-0.096744198436467,-2.234974503311545,0,1,0,3.0,5.0,0
0.2990672937882598,0.17379478064720444,0.31515411638038116,-0.29794941098657135,-0.7352559081171498,-0.11999146210227651,0,1,1,3.0,3.0,0
-0.35833291903522535,-0.4575434832414141,-0.10336040436620142,-0.08182903066245523,0.5417675112442158,-0.17874099102475619,1,0,1,2.0,2.0,0
-0.5226829722410966,-0.5982221181296389,-0.27076621266483447,-0.3426639724329402,0.5417675112442158,1.289997232037236,1,0,1,3.0,2.0,1
1.202992586420552,1.221164373321122,-0.10336040436620142,-0.044566896123814516,-0.7352559081171498,0.40875429820004067,1,1,1,3.0,2.0,0
1.0386425332146807,1.0152932003139636,0.4825599246790142,-0.9761202595898324,-0.7352559081171498,0.8200010006573984,1,1,0,3.0,3.0,0
1.5316926928322945,1.6534938366361542,-0.10336040436620142,0.2369284087629652,1.1802792209248987,-0.766236280249553,1,0,1,3.0,2.0,1
0.8742924800088093,0.8162843997403774,-0.6055778292621006,0.14174377656938905,-0.096744198436467,-2.234974503311545,1,0,0,2.0,1.0,0
0.13471724058238854,0.005666656024691899,-0.354469116814151,-0.9761202595898324,-0.096744198436467,-0.4724886356371546,1,0,1,1.0,1.0,0
0.8742924800088093,0.8162843997403774,-0.27076621266483447,-0.9761202595898324,0.5417675112442158,1.5837448766496343,0,0,1,3.0,3.0,1
-0.9335581052557749,-0.9198958259533236,0.31515411638038116,2.899141732428802,0.5417675112442158,0.5850028849674797,1,1,1,3.0,1.0,0
-1.837483397888067,-1.4766057896268474,-0.10336040436620142,-0.15635329973973666,-0.7352559081171498,-0.29624004886971556,0,1,0,3.0,5.0,0
0.7099424268029381,0.6241379716003631,-0.6055778292621006,-0.41718824151022166,-0.096744198436467,-0.4724886356371546,1,1,1,3.0,1.0,0
0.5455923735970668,0.43885391589392064,-0.354469116814151,0.402578718339874,1.1802792209248987,-2.234974503311545,0,1,0,3.0,3.0,0
-1.5087832914763244,-1.298184106353977,-0.354469116814151,-0.4733050161254146,1.1802792209248987,-0.35498957779219525,1,0,0,2.0,1.0,0
1.449517666229359,1.5428380811448066,-0.6055778292621006,-0.3799261069715809,-1.3737676177978326,0.5850028849674797,1,0,1,2.0,4.0,0
-0.1118078392264184,-0.23365858259612954,-0.10336040436620142,-0.23087756881701807,1.1802792209248987,0.11500665358764223,1,1,1,3.0,2.0,0
1.202992586420552,1.221164373321122,-0.7729836375607335,-0.9761202595898324,-0.7352559081171498,1.5837448766496343,1,1,1,3.0,2.0,0
-1.5909583180792601,-1.345362916834784,0.31515411638038116,-0.9761202595898324,-0.7352559081171498,-0.35498957779219525,0,0,1,3.0,5.0,1
1.0386425332146807,1.0152932003139636,-0.10336040436620142,1.7812776962695804,0.5417675112442158,1.8774925212620328,1,1,1,3.0,2.0,0
1.449517666229359,1.5428380811448066,-0.10336040436620142,-0.40228338769476535,-0.096744198436467,-1.2949820405518702,1,0,1,2.0,2.0,0
-0.6048579988440322,-0.6659880459111618,-0.10336040436620142,-0.030407284999131045,2.4573026402862643,1.0549991163473171,1,1,1,3.0,1.0,0
0.13471724058238854,0.005666656024691899,-0.019657500216884904,-0.9761202595898324,-0.096744198436467,0.9375000585023578,1,0,0,2.0,2.0,0
0.5455923735970668,0.43885391589392064,-0.521874925112784,0.3444497884595945,-0.096744198436467,-0.4724886356371546,1,0,1,2.0,3.0,0
0.2990672937882598,0.17379478064720444,0.14774830808174813,0.12149702314647323,3.0958143499669473,-0.4724886356371546,1,0,1,3.0,2.0,1
0.8742924800088093,0.8162843997403774,-0.10336040436620142,-0.6780231832807067,-0.7352559081171498,-0.4724886356371546,1,0,1,3.0,2.0,1
1.449517666229359,1.5428380811448066,-0.6055778292621006,0.17155348420030161,0.5417675112442158,0.11500665358764223,1,1,1,3.0,5.0,0
1.2851676130234877,1.3266733494872904,-0.8566865417100501,0.14174377656938905,-0.096744198436467,-0.4724886356371546,1,0,1,2.0,2.0,0
1.2851676130234877,1.3266733494872904,-0.10336040436620142,1.2968699472672511,-0.7352559081171498,-0.35498957779219525,1,0,1,2.0,2.0,0
0.5455923735970668,0.43885391589392064,-0.354469116814151,-0.3527202773022286,-0.096744198436467,-2.234974503311545,1,0,0,2.0,1.0,0
1.202992586420552,1.221164373321122,0.06404540393243162,-0.2897517413880704,-0.7352559081171498,-0.766236280249553,0,0,1,2.0,1.0,0
-0.029632812623482763,-0.15559909616424872,-0.521874925112784,0.012071548374919366,3.0958143499669473,0.05625712466516254,1,1,0,3.0,1.0,0
-1.0157331318587106,-0.9790837881928817,0.31515411638038116,0.08212436130756391,0.5417675112442158,-0.11999146210227651,0,1,1,3.0,3.0,0
0.3812423203911955,0.2604322326210502,-0.689280733411417,1.0480796178650365,1.1802792209248987,0.11500665358764223,1,0,1,1.0,2.0,0
0.5455923735970668,0.43885391589392064,-0.10336040436620142,0.402578718339874,-0.7352559081171498,0.11500665358764223,1,0,1,2.0,1.0,0
1.0386425332146807,1.0152932003139636,-0.6055778292621006,-0.9761202595898324,0.5417675112442158,1.994991579106992,1,1,1,3.0,2.0,0
-1.6731333446821957,-1.3908261342071981,-0.10336040436620142,0.32432823580872855,-0.7352559081171498,-1.0599839248619514,0,0,1,2.0,1.0,0
0.4634173469941311,0.34878527770328893,-0.019657500216884904,-0.11909116520109594,-1.3737676177978326,0.9962495874248375,0,1,0,3.0,5.0,0
0.4634173469941311,0.34878527770328893,-0.6055778292621006,-0.01317727398846358,-0.096744198436467,1.289997232037236,0,0,1,3.0,5.0,1
-1.0979081584616461,-1.0365561573240467,7.6810096815202344,-0.9761202595898324,-0.096744198436467,1.4074962898821952,0,0,0,3.0,1.0,1
-0.19398286582935406,-0.3100024759196174,-0.354469116814151,-0.9761202595898324,1.8187909306055814,-1.1774829827069109,0,0,1,2.0,5.0,0
2.4356179854645865,2.9839362921949144,7.178792256624336,-0.9761202595898324,-0.096744198436467,-1.9412268586991468,0,0,1,2.0,4.0,0
0.21689226718532417,0.08887292178175168,0.31515411638038116,0.5143651219557962,-1.3737676177978326,0.11500665358764223,0,0,1,2.0,3.0,0
1.449517666229359,1.5428380811448066,-0.10336040436620142,0.5143651219557962,-1.3737676177978326,0.5850028849674797,1,1,1,3.0,5.0,0
-0.5226829722410966,-0.5982221181296389,-0.354469116814151,-0.3285043613082568,1.1802792209248987,-2.234974503311545,1,0,0,2.0,1.0,0
-1.4266082648733889,-1.2492897027647767,-0.10336040436620142,-0.9761202595898324,-0.096744198436467,0.5850028849674797,1,1,1,3.0,1.0,0
-0.8513830786528392,-0.8589922706053726,0.14774830808174813,2.451996117965113,-0.096744198436467,0.05625712466516254,1,0,0,2.0,2.0,0
2.0247428524499083,2.353455824860492,-0.6055778292621006,-0.9761202595898324,-1.3737676177978326,-1.0599839248619514,1,0,1,2.0,5.0,0
0.7921174534058737,0.7193533891161737,0.31515411638038116,0.5888893910330776,-0.096744198436467,0.40875429820004067,0,1,0,3.0,5.0,0
-0.440507945638161,-0.528740597239723,0.14774830808174813,-0.23087756881701807,-0.7352559081171498,0.11500665358764223,1,0,1,2.0,5.0,0
-0.687033025446968,-0.7320383805842917,-0.10336040436620142,0.47710298741715546,0.5417675112442158,0.11500665358764223,1,1,1,3.0,2.0,0
0.7099424268029381,0.6241379716003631,-0.43817202096346747,-0.6508173536113543,-1.3737676177978326,-1.35373156947435,0,0,1,2.0,3.0,0
0.3812423203911955,0.2604322326210502,0.14774830808174813,-0.9761202595898324,-0.096744198436467,-1.0599839248619514,0,1,1,3.0,3.0,0
-0.19398286582935406,-0.3100024759196174,-0.6055778292621006,0.5702583237637573,0.5417675112442158,0.11500665358764223,1,1,1,3.0,1.0,0
-0.687033025446968,-0.7320383805842917,0.31515411638038116,-0.9761202595898324,0.5417675112442158,0.11500665358764223,1,1,1,3.0,3.0,0
-0.2761578924322897,-0.38463077613471225,-0.10336040436620142,1.2596078127286106,0.5417675112442158,2.6999859261767485,1,1,1,3.0,2.0,0
-0.5226829722410966,-0.5982221181296389,-0.6055778292621006,-0.21373698692924337,2.4573026402862643,0.11500665358764223,1,0,1,3.0,1.0,1
0.7921174534058737,0.7193533891161737,0.31515411638038116,-0.9761202595898324,1.8187909306055814,0.11500665358764223,1,1,1,3.0,2.0,0
0.7921174534058737,0.7193533891161737,-0.10336040436620142,-0.9761202595898324,-0.7352559081171498,-0.8837353380945124,0,0,0,3.0,3.0,1
0.7099424268029381,0.6241379716003631,0.23145121223106466,0.14174377656938905,-0.7352559081171498,0.11500665358764223,1,1,1,3.0,2.0,0
-0.5226829722410966,-0.5982221181296389,7.6810096815202344,-0.3917605609010532,-0.096744198436467,0.5850028849674797,1,0,1,2.0,1.0,0
1.6138677194352302,1.7658651852358946,-0.6055778292621006,-0.25323484954020253,-1.3737676177978326,-1.1774829827069109,1,0,1,2.0,5.0,0
1.6138677194352302,1.7658651852358946,-0.8566865417100501,-0.9761202595898324,-0.7352559081171498,-0.8249858091720327,1,0,1,2.0,2.0,0
0.5455923735970668,0.43885391589392064,-0.6055778292621006,-0.4562069130710139,-0.096744198436467,-0.8837353380945124,0,0,0,3.0,5.0,1
0.5455923735970668,0.43885391589392064,-0.43817202096346747,-0.18318203660755797,1.1802792209248987,0.11500665358764223,1,0,1,2.0,2.0,0
0.052542213979452884,-0.0758240166239749,0.31515411638038116,1.6322291581150177,-0.7352559081171498,0.11500665358764223,0,0,1,1.0,3.0,0
-1.0157331318587106,-0.9790837881928817,0.31515411638038116,-0.9761202595898324,-0.7352559081171498,-2.234974503311545,0,0,0,3.0,1.0,1
0.13471724058238854,0.005666656024691899,0.14774830808174813,-0.9761202595898324,0.5417675112442158,0.5850028849674797,1,1,1,3.0,2.0,0
-0.029632812623482763,-0.15559909616424872,-0.10336040436620142,0.43984085287851477,-0.096744198436467,1.289997232037236,1,1,1,3.0,1.0,0
-0.8513830786528392,-0.8589922706053726,-0.43817202096346747,0.4994602681403399,1.8187909306055814,1.466245818804675,1,0,1,2.0,1.0,0
-0.35833291903522535,-0.4575434832414141,0.4825599246790142,1.185083543651329,-0.7352559081171498,-2.234974503311545,1,1,0,3.0,2.0,0
-1.0979081584616461,-1.0365561573240467,-0.43817202096346747,-0.6780231832807067,-1.3737676177978326,0.11500665358764223,1,0,1,2.0,3.0,0
-0.687033025446968,-0.7320383805842917,0.31515411638038116,1.4831806199604547,-0.7352559081171498,0.11500665358764223,0,1,1,3.0,5.0,0
1.1208175598176162,1.1173709902633464,-0.10336040436620142,2.228423310733269,-0.7352559081171498,1.7599934634170733,1,1,0,3.0,1.0,0
0.21689226718532417,0.08887292178175168,0.31515411638038116,4.613199921206275,-0.7352559081171498,0.702501942812439,0,0,1,1.0,1.0,0
-0.8513830786528392,-0.8589922706053726,-0.10336040436620142,0.022504946045738765,0.5417675112442158,0.40875429820004067,1,1,1,3.0,1.0,0
1.449517666229359,1.5428380811448066,-0.10336040436620142,-0.9761202595898324,-1.3737676177978326,-1.706228743009228,0,0,1,2.0,4.0,0
-0.687033025446968,-0.7320383805842917,0.31515411638038116,-0.9761202595898324,1.1802792209248987,1.3487467609597157,1,0,0,3.0,2.0,1
0.13471724058238854,0.005666656024691899,-0.10336040436620142,0.3951262914321459,-0.7352559081171498,-0.4724886356371546,1,1,1,3.0,5.0,0
0.6277674002000024,0.5306381471929453,-0.019657500216884904,1.4086563508831733,0.5417675112442158,0.11500665358764223,1,0,1,1.0,2.0,0
1.0386425332146807,1.0152932003139636,0.06404540393243162,-0.752547452357988,-1.3737676177978326,-2.1762249743890654,0,0,1,3.0,3.0,1
0.7099424268029381,0.6241379716003631,-0.27076621266483447,0.14174377656938905,-1.3737676177978326,0.9375000585023578,1,1,1,3.0,5.0,0
0.21689226718532417,0.08887292178175168,-0.10336040436620142,0.36531658380123333,-0.096744198436467,0.9375000585023578,1,1,1,3.0,3.0,0
-1.6731333446821957,-1.3908261342071981,0.14774830808174813,0.03368358640733098,-0.7352559081171498,2.6999859261767485,1,1,1,3.0,1.0,0
-1.0157331318587106,-0.9790837881928817,-0.10336040436620142,-0.8717862828816384,-1.3737676177978326,-0.766236280249553,0,0,0,3.0,5.0,1
0.7099424268029381,0.6241379716003631,-0.019657500216884904,0.2535301801853112,-0.7352559081171498,1.5249953477271547,1,0,1,3.0,2.0,1
2.1890929056557797,2.600501232469082,0.31515411638038116,-0.9761202595898324,-0.7352559081171498,-0.4724886356371546,1,1,1,3.0,1.0,0
1.6960427460381657,1.8799521269440282,-0.689280733411417,-0.6189299093585671,-1.3737676177978326,-1.2949820405518702,1,0,1,1.0,3.0,0
-0.9335581052557749,-0.9198958259533236,-0.6055778292621006,-0.07884805989936397,-0.096744198436467,0.5850028849674797,1,1,1,3.0,1.0,0
-0.7692080520499036,-0.7963731221490287,-0.10336040436620142,-0.3426639724329402,0.5417675112442158,-0.589987693482114,0,0,1,2.0,3.0,0
0.4634173469941311,0.34878527770328893,-0.10336040436620142,-0.648213475649794,-1.3737676177978326,0.5850028849674797,1,0,0,3.0,4.0,1
0.3812423203911955,0.2604322326210502,0.31515411638038116,1.7812776962695804,0.5417675112442158,0.5850028849674797,0,1,1,3.0,3.0,0
0.3812423203911955,0.2604322326210502,0.4825599246790142,1.334132081805892,-0.096744198436467,0.11500665358764223,1,1,1,3.0,2.0,0
1.8603927992440372,2.113272789685474,0.14774830808174813,0.6634136601103591,-0.7352559081171498,0.35000476927756097,1,1,1,3.0,3.0,0
-0.687033025446968,-0.7320383805842917,-0.10336040436620142,-0.31136377942048205,0.5417675112442158,0.702501942812439,0,1,1,3.0,2.0,0
-0.19398286582935406,-0.3100024759196174,-0.10336040436620142,0.2162680456466705,0.5417675112442158,0.4675038271225203,0,0,1,3.0,1.0,1
-0.2761578924322897,-0.38463077613471225,-0.6055778292621006,-0.5067664129411139,1.1802792209248987,-0.11999146210227651,1,0,1,2.0,1.0,0
-1.2622582116675174,-1.1463541162611977,0.31515411638038116,0.8720816135267471,-0.096744198436467,-0.6487372224045936,0,1,0,3.0,1.0,0
0.7099424268029381,0.6241379716003631,-0.6055778292621006,-0.007304761585173804,-1.3737676177978326,-0.8249858091720327,1,0,1,3.0,5.0,1
-0.687033025446968,-0.7320383805842917,-0.10336040436620142,-0.08182903066245523,-0.096744198436467,1.4074962898821952,1,0,0,1.0,1.0,0
-1.6731333446821957,-1.3908261342071981,-0.6055778292621006,-0.5726309619516152,-0.096744198436467,0.11500665358764223,1,0,1,3.0,1.0,1
1.0386425332146807,1.0152932003139636,0.14774830808174813,2.750093194274239,-0.096744198436467,-1.0599839248619514,0,0,1,1.0,2.0,0
-1.0157331318587106,-0.9790837881928817,-0.43817202096346747,-0.12952456287191536,0.5417675112442158,0.9962495874248375,1,1,1,3.0,1.0,0
0.4634173469941311,0.34878527770328893,-0.27076621266483447,-0.9761202595898324,1.1802792209248987,-1.0599839248619514,0,0,1,3.0,1.0,1
-1.4266082648733889,-1.2492897027647767,-0.10336040436620142,-0.5228912290413653,-0.096744198436467,-0.8249858091720327,1,0,1,3.0,1.0,1
0.3812423203911955,0.2604322326210502,0.31515411638038116,2.9736660015060834,1.8187909306055814,1.994991579106992,1,1,1,3.0,2.0,0
-0.7692080520499036,-0.7963731221490287,-0.27076621266483447,0.07467193439983577,-0.096744198436467,0.5850028849674797,1,0,1,3.0,5.0,1
0.4634173469941311,0.34878527770328893,-0.6055778292621006,0.14174377656938905,0.5417675112442158,-1.0599839248619514,0,0,1,3.0,5.0,1
-0.7692080520499036,-0.7963731221490287,0.31515411638038116,0.9615107364194847,0.5417675112442158,-2.234974503311545,0,1,0,3.0,2.0,0
0.956467506611745,0.9149310034729741,-0.6055778292621006,0.06721950749210762,-1.3737676177978326,-0.4724886356371546,1,1,1,3.0,5.0,0
-1.5087832914763244,-1.298184106353977,-0.10336040436620142,1.2596078127286106,-0.096744198436467,-1.1774829827069109,1,0,1,2.0,1.0,0
1.3673426396264232,1.4338979187618521,-0.6055778292621006,0.2413827243257143,3.0958143499669473,0.11500665358764223,0,0,1,3.0,4.0,1
-1.1800831850645819,-1.0923129333468187,-0.10336040436620142,-0.04009543997917763,0.5417675112442158,1.5837448766496343,1,0,1,1.0,1.0,0
-1.0157331318587106,-0.9790837881928817,-0.43817202096346747,0.7278816243183521,0.5417675112442158,-0.35498957779219525,1,0,1,2.0,1.0,0
0.13471724058238854,0.005666656024691899,-0.354469116814151,0.46965056050942733,1.8187909306055814,-0.4724886356371546,0,1,1,3.0,5.0,0
-0.2761578924322897,-0.38463077613471225,-0.6055778292621006,-0.6780231832807067,-1.3737676177978326,-0.8249858091720327,1,0,1,2.0,3.0,0
-0.440507945638161,-0.528740597239723,0.14774830808174813,-0.9761202595898324,-0.7352559081171498,-0.766236280249553,0,1,1,3.0,3.0,0
-0.029632812623482763,-0.15559909616424872,0.14774830808174813,0.7006757946489998,1.1802792209248987,0.5850028849674797,1,1,1,3.0,2.0,0
-0.2761578924322897,-0.38463077613471225,-0.019657500216884904,-0.1265435921088241,0.5417675112442158,0.4675038271225203,1,0,0,3.0,1.0,1
1.0386425332146807,1.0152932003139636,0.14774830808174813,0.02995737295346691,-1.3737676177978326,0.5850028849674797,0,1,1,3.0,3.0,0
-0.5226829722410966,-0.5982221181296389,0.31515411638038116,-0.9761202595898324,-1.3737676177978326,-0.35498957779219525,1,0,1,3.0,5.0,1
-0.029632812623482763,-0.15559909616424872,-0.10336040436620142,-0.4395455222334061,0.5417675112442158,-0.8249858091720327,0,0,0,3.0,3.0,1
0.956467506611745,0.9149310034729741,-0.019657500216884904,0.7901049175417375,0.5417675112442158,-0.8249858091720327,0,1,1,3.0,3.0,0
-1.0979081584616461,-1.0365561573240467,0.14774830808174813,0.2162680456466705,-0.096744198436467,0.4675038271225203,1,0,0,2.0,1.0,0
0.5455923735970668,0.43885391589392064,-0.6055778292621006,-0.9761202595898324,1.8187909306055814,-2.234974503311545,1,0,0,3.0,2.0,1
1.449517666229359,1.5428380811448066,-0.6055778292621006,-0.5205489312642664,-0.096744198436467,-0.17874099102475619,1,0,1,2.0,1.0,0
-1.5087832914763244,-1.298184106353977,0.14774830808174813,-0.9761202595898324,-0.7352559081171498,0.5850028849674797,1,1,1,3.0,5.0,0
1.7782177726411015,1.9957546617605548,-0.6055778292621006,0.12683892275393277,0.5417675112442158,0.5850028849674797,1,1,1,3.0,2.0,0
1.3673426396264232,1.4338979187618521,-0.18706330851551795,-0.9761202595898324,0.5417675112442158,-0.29624004886971556,1,0,1,2.0,2.0,0
1.9425678258469727,2.2325065107187867,0.14774830808174813,0.29719245895230884,1.8187909306055814,-1.2949820405518702,1,0,1,2.0,2.0,0
-0.5226829722410966,-0.5982221181296389,0.14774830808174813,0.5516272564944369,-0.7352559081171498,1.289997232037236,0,1,0,3.0,5.0,0
-0.35833291903522535,-0.4575434832414141,-0.354469116814151,-0.4917125105875031,0.5417675112442158,-0.4724886356371546,0,1,1,3.0,3.0,0
0.8742924800088093,0.8162843997403774,0.31515411638038116,0.5143651219557962,-0.096744198436467,0.7612514717349188,1,0,1,2.0,3.0,0
0.13471724058238854,0.005666656024691899,0.31515411638038116,-0.08182903066245523,-0.7352559081171498,0.40875429820004067,0,1,0,3.0,3.0,0
0.5455923735970668,0.43885391589392064,0.14774830808174813,-0.9761202595898324,-0.7352559081171498,-0.35498957779219525,0,0,1,2.0,5.0,0
-1.6731333446821957,-1.3908261342071981,-0.10336040436620142,-0.15635329973973666,0.5417675112442158,1.289997232037236,1,1,1,3.0,2.0,0
0.13471724058238854,0.005666656024691899,-0.6055778292621006,-0.08630048680709211,1.8187909306055814,0.8200010006573984,1,1,0,3.0,1.0,0
1.202992586420552,1.221164373321122,-0.10336040436620142,0.6762139485670728,0.5417675112442158,0.11500665358764223,0,0,1,3.0,5.0,1
0.7921174534058737,0.7193533891161737,0.31515411638038116,-0.9761202595898324,-1.3737676177978326,0.35000476927756097,1,1,0,3.0,3.0,0
-1.0979081584616461,-1.0365561573240467,0.06404540393243162,0.8869864673422033,-0.096744198436467,-2.234974503311545,1,1,0,3.0,1.0,0
-0.2761578924322897,-0.38463077613471225,0.14774830808174813,-0.2770826156449326,2.4573026402862643,0.40875429820004067,1,0,1,3.0,2.0,1
-0.2761578924322897,-0.38463077613471225,-0.354469116814151,-0.9761202595898324,0.5417675112442158,0.40875429820004067,1,1,1,3.0,1.0,0
-0.5226829722410966,-0.5982221181296389,0.14774830808174813,3.30902521235385,-0.096744198436467,-0.4724886356371546,1,0,1,1.0,2.0,0
0.5455923735970668,0.43885391589392064,-0.10336040436620142,0.1649670292992515,0.5417675112442158,-0.4724886356371546,0,1,1,3.0,4.0,0
0.13471724058238854,0.005666656024691899,0.31515411638038116,0.346685516531913,1.1802792209248987,1.289997232037236,1,1,1,3.0,2.0,0
0.052542213979452884,-0.0758240166239749,0.31515411638038116,1.4831806199604547,0.5417675112442158,1.289997232037236,1,0,0,1.0,2.0,0
0.2990672937882598,0.17379478064720444,-0.6055778292621006,-0.9761202595898324,1.8187909306055814,0.11500665358764223,1,1,1,3.0,1.0,0
0.4634173469941311,0.34878527770328893,-0.10336040436620142,0.2162680456466705,-0.7352559081171498,2.2887392237193906,0,0,1,2.0,5.0,0
-1.5087832914763244,-1.298184106353977,0.3988570205296977,-0.15635329973973666,-0.096744198436467,0.11500665358764223,1,0,1,3.0,2.0,1
-1.1800831850645819,-1.0923129333468187,-0.27076621266483447,-0.9761202595898324,0.5417675112442158,0.5850028849674797,1,0,1,3.0,1.0,1
1.1208175598176162,1.1173709902633464,-0.10336040436620142,-0.06692417684699895,-1.3737676177978326,-0.8249858091720327,0,0,0,3.0,3.0,1
1.202992586420552,1.221164373321122,-0.10336040436620142,-0.4320930953256779,-0.7352559081171498,-1.0599839248619514,0,0,1,3.0,1.0,1
0.4634173469941311,0.34878527770328893,0.14774830808174813,-0.45445037604886235,-1.3737676177978326,-0.589987693482114,0,1,1,3.0,3.0,0
0.8742924800088093,0.8162843997403774,-0.10336040436620142,-0.9761202595898324,-0.096744198436467,0.35000476927756097,1,1,1,3.0,2.0,0
-0.8513830786528392,-0.8589922706053726,0.4825599246790142,-0.7078328909116192,-1.3737676177978326,2.3474887526418704,0,0,0,3.0,5.0,1
2.4356179854645865,2.9839362921949144,-0.6055778292621006,-0.3404282443606218,-1.3737676177978326,-1.35373156947435,0,0,1,2.0,4.0,0
-1.9196584244910027,-1.5169222276740826,0.14774830808174813,-0.13399601901655223,-0.7352559081171498,0.702501942812439,0,1,0,3.0,1.0,0
-0.19398286582935406,-0.3100024759196174,-0.43817202096346747,-0.2755921302633869,-0.7352559081171498,1.994991579106992,0,0,1,3.0,3.0,1
-0.687033025446968,-0.7320383805842917,-0.354469116814151,-0.25248960684942967,0.5417675112442158,-0.17874099102475619,1,0,1,2.0,1.0,0
-0.19398286582935406,-0.3100024759196174,-0.10336040436620142,1.2596078127286106,1.8187909306055814,0.5850028849674797,1,1,1,3.0,2.0,0
-0.687033025446968,-0.7320383805842917,-0.10336040436620142,-0.9761202595898324,1.1802792209248987,0.11500665358764223,1,1,1,3.0,2.0,0
0.4634173469941311,0.34878527770328893,0.31515411638038116,0.9764155902349411,-0.7352559081171498,0.11500665358764223,0,1,1,3.0,3.0,0
-0.029632812623482763,-0.15559909616424872,-0.6055778292621006,-0.9761202595898324,-0.7352559081171498,0.40875429820004067,0,0,1,3.0,3.0,1
-0.35833291903522535,-0.4575434832414141,0.31515411638038116,0.7379379291876405,-0.7352559081171498,0.11500665358764223,1,0,1,2.0,1.0,0
-1.0979081584616461,-1.0365561573240467,0.31515411638038116,-0.08182903066245523,-1.3737676177978326,2.229989694796911,0,0,1,2.0,5.0,0
-1.0979081584616461,-1.0365561573240467,-0.6055778292621006,-0.3799261069715809,-0.7352559081171498,0.11500665358764223,1,0,1,2.0,2.0,0
0.3812423203911955,0.2604322326210502,0.31515411638038116,-0.06692417684699895,-1.3737676177978326,-0.35498957779219525,0,1,1,3.0,5.0,0
-1.837483397888067,-1.4766057896268474,-0.27076621266483447,-0.9761202595898324,-1.3737676177978326,0.35000476927756097,1,0,1,2.0,5.0,0
-1.2622582116675174,-1.1463541162611977,-0.019657500216884904,-0.9761202595898324,-0.7352559081171498,-1.0599839248619514,0,0,1,3.0,1.0,1
0.052542213979452884,-0.0758240166239749,-0.10336040436620142,-0.4917125105875031,-0.7352559081171498,0.17375618251012193,0,1,1,3.0,5.0,0
0.5455923735970668,0.43885391589392064,0.31515411638038116,2.6010446561196763,1.1802792209248987,0.6437524138899594,1,1,1,3.0,2.0,0
-0.687033025446968,-0.7320383805842917,-0.10336040436620142,-0.40024440369281095,1.1802792209248987,1.289997232037236,1,0,1,2.0,2.0,0
0.8742924800088093,0.8162843997403774,0.31515411638038116,1.8930640998855026,1.1802792209248987,0.6437524138899594,1,1,0,3.0,2.0,0
-1.1800831850645819,-1.0923129333468187,-0.6055778292621006,-0.30540183789429953,3.0958143499669473,1.642494405572114,1,1,1,3.0,1.0,0
0.21689226718532417,0.08887292178175168,-0.6055778292621006,0.7677476368185531,0.5417675112442158,-0.4724886356371546,1,1,1,3.0,5.0,0
0.956467506611745,0.9149310034729741,-0.10336040436620142,0.20136319183121418,0.5417675112442158,1.5249953477271547,1,1,1,3.0,2.0,0
-0.9335581052557749,-0.9198958259533236,0.31515411638038116,0.81991462517265,-0.7352559081171498,0.11500665358764223,1,1,1,3.0,1.0,0
0.956467506611745,0.9149310034729741,-0.10336040436620142,-0.5289746451261438,-0.7352559081171498,-0.17874099102475619,0,1,1,3.0,3.0,0
-0.19398286582935406,-0.3100024759196174,-0.6055778292621006,0.7379379291876405,2.4573026402862643,0.5850028849674797,1,1,1,3.0,2.0,0
-1.0157331318587106,-0.9790837881928817,0.14774830808174813,1.334132081805892,0.5417675112442158,-0.17874099102475619,1,1,0,3.0,1.0,0
0.956467506611745,0.9149310034729741,-0.6055778292621006,-0.10418631138563966,-0.7352559081171498,-0.4724886356371546,1,0,1,3.0,5.0,1
2.846493118479265,3.6573065872391606,-0.6055778292621006,-0.47943016580087633,-1.3737676177978326,-0.589987693482114,0,0,1,3.0,5.0,1
0.21689226718532417,0.08887292178175168,7.6810096815202344,-0.5012993125616045,1.1802792209248987,-0.4724886356371546,0,0,1,3.0,3.0,1
0.5455923735970668,0.43885391589392064,-0.354469116814151,-0.9761202595898324,-0.7352559081171498,0.11500665358764223,1,1,1,3.0,5.0,0
0.6277674002000024,0.5306381471929453,0.14774830808174813,0.36531658380123333,-0.7352559081171498,0.9375000585023578,1,1,1,3.0,5.0,0
-0.440507945638161,-0.528740597239723,-0.10336040436620142,0.9260267509410279,1.1802792209248987,0.5850028849674797,1,0,1,1.0,2.0,0
-1.6731333446821957,-1.3908261342071981,-0.6055778292621006,0.044862226768923194,1.1802792209248987,-0.766236280249553,0,0,1,3.0,1.0,1
-2.001833451093938,-1.5555230726129246,-0.10336040436620142,-0.46413853102890895,-1.3737676177978326,-1.0012343959394718,1,0,1,3.0,5.0,1
-0.2761578924322897,-0.38463077613471225,-0.10336040436620142,-0.9761202595898324,-0.7352559081171498,-0.8249858091720327,0,0,0,3.0,3.0,1
-0.687033025446968,-0.7320383805842917,0.31515411638038116,-0.9761202595898324,-0.7352559081171498,0.40875429820004067,1,1,1,3.0,2.0,0
1.1208175598176162,1.1173709902633464,-0.6055778292621006,-0.3203066917097558,-0.7352559081171498,-0.4724886356371546,0,0,1,3.0,2.0,1
0.7921174534058737,0.7193533891161737,-0.10336040436620142,-0.35384261279453244,-1.3737676177978326,0.11500665358764223,1,0,1,3.0,3.0,1
-0.8513830786528392,-0.8589922706053726,0.31515411638038116,-0.9761202595898324,-0.096744198436467,0.40875429820004067,1,1,1,3.0,2.0,0
-0.19398286582935406,-0.3100024759196174,-0.10336040436620142,-0.25025387877711125,1.1802792209248987,-0.4724886356371546,1,0,1,2.0,1.0,0
0.052542213979452884,-0.0758240166239749,-0.10336040436620142,-0.9761202595898324,1.8187909306055814,-0.4724886356371546,1,0,1,3.0,3.0,1
0.052542213979452884,-0.0758240166239749,0.31515411638038116,4.389627113974431,1.1802792209248987,1.818742992339553,1,0,0,3.0,1.0,1
-1.2622582116675174,-1.1463541162611977,0.06404540393243162,0.02995737295346691,-1.3737676177978326,0.11500665358764223,1,1,1,3.0,5.0,0
0.052542213979452884,-0.0758240166239749,-0.43817202096346747,0.12104466083317414,0.5417675112442158,-0.4724886356371546,1,0,1,2.0,2.0,0
1.449517666229359,1.5428380811448066,-0.10336040436620142,-0.3978119315501285,-0.7352559081171498,-0.8249858091720327,1,0,1,2.0,2.0,0
0.4634173469941311,0.34878527770328893,-0.10336040436620142,-0.23087756881701807,-0.7352559081171498,-0.11999146210227651,0,0,1,2.0,5.0,0
0.956467506611745,0.9149310034729741,-0.10336040436620142,-0.8643338559739102,-1.3737676177978326,-0.8249858091720327,1,0,1,2.0,5.0,0
1.2851676130234877,1.3266733494872904,-0.10336040436620142,0.924248601880844,0.5417675112442158,0.5850028849674797,0,1,1,3.0,4.0,0
0.21689226718532417,0.08887292178175168,-0.43817202096346747,1.3967324678308082,0.5417675112442158,0.5850028849674797,1,1,1,3.0,5.0,0
0.3812423203911955,0.2604322326210502,0.31515411638038116,3.122714539660646,-0.096744198436467,0.11500665358764223,1,1,1,3.0,1.0,0
0.6277674002000024,0.5306381471929453,-0.6055778292621006,-0.5017732869129361,-0.096744198436467,-1.529980156241789,1,0,1,2.0,2.0,0
0.2990672937882598,0.17379478064720444,-0.27076621266483447,0.2592953776411297,2.4573026402862643,-0.41373910671467495,0,0,0,3.0,3.0,1
-2.001833451093938,-1.5555230726129246,-0.10336040436620142,-0.1116387382933678,-0.7352559081171498,0.5850028849674797,0,0,1,3.0,1.0,1
1.0386425332146807,1.0152932003139636,-0.7729836375607335,-0.8665695840462286,-1.3737676177978326,-2.1174754454665856,0,0,1,3.0,5.0,1
-0.2761578924322897,-0.38463077613471225,-0.019657500216884904,0.03793594120088066,0.5417675112442158,1.289997232037236,0,0,0,3.0,5.0,1
-0.9335581052557749,-0.9198958259533236,0.31515411638038116,-0.08182903066245523,-1.3737676177978326,0.11500665358764223,1,1,1,3.0,5.0,0
-0.19398286582935406,-0.3100024759196174,0.31515411638038116,1.2596078127286106,1.1802792209248987,1.0549991163473171,1,1,1,3.0,2.0,0
-0.5226829722410966,-0.5982221181296389,-0.10336040436620142,-0.07437660375472709,-1.3737676177978326,-0.35498957779219525,1,1,1,3.0,5.0,0
0.6277674002000024,0.5306381471929453,0.31515411638038116,0.32805444926259264,0.5417675112442158,-0.17874099102475619,0,1,1,3.0,2.0,0
0.2990672937882598,0.17379478064720444,0.14774830808174813,2.0421126380400656,0.5417675112442158,1.0549991163473171,1,0,1,1.0,2.0,0
1.2851676130234877,1.3266733494872904,-0.6055778292621006,-0.21563064860649708,-0.096744198436467,-1.529980156241789,1,0,1,2.0,2.0,0
-0.029632812623482763,-0.15559909616424872,0.31515411638038116,1.6322291581150177,-0.096744198436467,0.11500665358764223,1,0,1,3.0,2.0,1
-0.029632812623482763,-0.15559909616424872,0.31515411638038116,0.912324718828479,0.5417675112442158,1.994991579106992,1,1,1,3.0,1.0,0
1.202992586420552,1.221164373321122,-0.354469116814151,-0.5444056402812857,-0.7352559081171498,-1.2949820405518702,1,0,1,2.0,3.0,0
-0.687033025446968,-0.7320383805842917,-0.10336040436620142,0.32805444926259264,-0.096744198436467,-0.29624004886971556,1,0,1,3.0,2.0,1
0.5455923735970668,0.43885391589392064,-0.6055778292621006,-0.30540183789429953,1.1802792209248987,-0.8249858091720327,1,0,1,2.0,1.0,0
-0.687033025446968,-0.7320383805842917,-0.10336040436620142,0.06721950749210762,0.5417675112442158,0.11500665358764223,1,1,1,3.0,2.0,0
0.7921174534058737,0.7193533891161737,0.06404540393243162,3.7934329613561792,0.5417675112442158,0.702501942812439,1,1,1,3.0,2.0,0
-0.9335581052557749,-0.9198958259533236,0.14774830808174813,-0.23087756881701807,-1.3737676177978326,0.40875429820004067,0,0,1,2.0,5.0,0
0.6277674002000024,0.5306381471929453,0.14774830808174813,0.02995737295346691,-0.096744198436467,0.11500665358764223,1,1,1,3.0,2.0,0
0.2990672937882598,0.17379478064720444,-0.10336040436620142,-0.08182903066245523,0.5417675112442158,-0.4724886356371546,1,0,1,2.0,2.0,0
1.3673426396264232,1.4338979187618521,-0.6055778292621006,-0.3357376868648977,1.1802792209248987,-0.11999146210227651,0,0,1,2.0,5.0,0
1.0386425332146807,1.0152932003139636,-0.10336040436620142,-0.5051268790214137,-0.7352559081171498,-1.529980156241789,1,0,1,2.0,1.0,0
-0.6048579988440322,-0.6659880459111618,0.14774830808174813,1.1105592745740476,0.5417675112442158,1.289997232037236,1,0,1,2.0,1.0,0
0.3812423203911955,0.2604322326210502,-0.6055778292621006,0.8869864673422033,1.1802792209248987,0.9375000585023578,1,1,1,3.0,2.0,0
-1.5909583180792601,-1.345362916834784,0.31515411638038116,-0.23832999572474622,-1.3737676177978326,-1.0599839248619514,1,0,1,3.0,5.0,1
1.1208175598176162,1.1173709902633464,-0.10336040436620142,-0.9761202595898324,0.5417675112442158,-0.17874099102475619,1,0,1,2.0,2.0,0
-0.5226829722410966,-0.5982221181296389,-0.10336040436620142,0.1760249403449385,0.5417675112442158,-1.9999763876216263,0,0,1,3.0,1.0,1
0.21689226718532417,0.08887292178175168,-0.10336040436620142,-0.9761202595898324,-0.096744198436467,-1.4124810983968297,0,0,0,3.0,3.0,1
1.5316926928322945,1.6534938366361542,0.31515411638038116,3.6443844232016165,0.5417675112442158,0.9375000585023578,1,0,1,1.0,2.0,0
1.202992586420552,1.221164373321122,-0.6055778292621006,-0.9761202595898324,0.5417675112442158,-0.35498957779219525,1,0,1,3.0,1.0,1
-0.1118078392264184,-0.23365858259612954,-0.10336040436620142,-0.21522747231078898,0.5417675112442158,-0.8249858091720327,0,0,1,3.0,1.0,1
-0.7692080520499036,-0.7963731221490287,0.23145121223106466,0.06721950749210762,-0.7352559081171498,1.289997232037236,1,1,1,3.0,1.0,0
-0.5226829722410966,-0.5982221181296389,0.31515411638038116,-0.9761202595898324,-0.096744198436467,0.702501942812439,1,1,0,3.0,2.0,0
-0.2761578924322897,-0.38463077613471225,-0.019657500216884904,-0.5140697913106875,-0.7352559081171498,0.5850028849674797,0,1,0,3.0,3.0,0
0.052542213979452884,-0.0758240166239749,-0.10336040436620142,-0.6780231832807067,-1.3737676177978326,0.5850028849674797,1,0,1,3.0,5.0,1
-0.6048579988440322,-0.6659880459111618,-0.10336040436620142,0.2535301801853112,1.1802792209248987,0.5850028849674797,0,1,1,3.0,2.0,0
-1.4266082648733889,-1.2492897027647767,0.31515411638038116,-0.9761202595898324,-0.096744198436467,-0.766236280249553,0,0,1,3.0,1.0,1
0.7099424268029381,0.6241379716003631,-0.6055778292621006,-0.18616300737064922,0.5417675112442158,2.6999859261767485,0,0,1,2.0,2.0,0
1.8603927992440372,2.113272789685474,-0.10336040436620142,-0.14122114690359466,-0.7352559081171498,-1.2949820405518702,0,0,0,3.0,3.0,1
0.052542213979452884,-0.0758240166239749,-0.10336040436620142,-0.3799261069715809,-0.7352559081171498,0.5850028849674797,0,0,1,3.0,5.0,1
2.1890929056557797,2.600501232469082,-0.7729836375607335,0.9668541265123258,3.0958143499669473,0.2325057114326016,1,0,1,2.0,2.0,0
-0.029632812623482763,-0.15559909616424872,-0.10336040436620142,-0.9761202595898324,0.5417675112442158,-1.9999763876216263,0,0,1,2.0,1.0,0
1.1208175598176162,1.1173709902633464,-0.521874925112784,0.7006757946489998,-0.096744198436467,-2.234974503311545,1,1,0,3.0,2.0,0
1.0386425332146807,1.0152932003139636,0.14774830808174813,-0.9761202595898324,-0.7352559081171498,-0.4724886356371546,0,0,1,3.0,3.0,1
-0.9335581052557749,-0.9198958259533236,0.14774830808174813,-0.9761202595898324,-1.3737676177978326,-0.9424848670169921,1,0,0,2.0,5.0,0
0.956467506611745,0.9149310034729741,-0.6055778292621006,0.2162680456466705,1.1802792209248987,-1.0599839248619514,0,0,1,3.0,5.0,1
0.21689226718532417,0.08887292178175168,-0.10336040436620142,0.20878506378862063,0.5417675112442158,-1.0599839248619514,0,0,1,3.0,3.0,1
-0.2761578924322897,-0.38463077613471225,0.31515411638038116,-0.23087756881701807,-1.3737676177978326,-0.4724886356371546,0,1,1,3.0,5.0,0
-0.8513830786528392,-0.8589922706053726,0.14774830808174813,-0.3799261069715809,-0.7352559081171498,1.289997232037236,1,0,1,2.0,3.0,0
-1.0157331318587106,-0.9790837881928817,0.14774830808174813,2.377471848887832,-0.096744198436467,0.5850028849674797,1,1,1,3.0,1.0,0
0.7099424268029381,0.6241379716003631,-0.10336040436620142,0.4994602681403399,-0.7352559081171498,0.11500665358764223,1,1,1,3.0,2.0,0
-1.7553083712851314,-1.4345737584712193,0.31515411638038116,-0.9761202595898324,-0.7352559081171498,0.11500665358764223,1,1,1,3.0,1.0,0
-0.6048579988440322,-0.6659880459111618,0.4825599246790142,1.4831806199604547,-0.096744198436467,0.2325057114326016,0,1,1,3.0,1.0,0
0.7099424268029381,0.6241379716003631,-0.6055778292621006,-0.3203066917097558,-0.7352559081171498,-0.4724886356371546,1,1,1,3.0,4.0,0
1.1208175598176162,1.1173709902633464,0.31515411638038116,3.2717630778152094,-0.7352559081171498,0.11500665358764223,0,1,1,3.0,4.0,0
0.7099424268029381,0.6241379716003631,-0.10336040436620142,0.43984085287851477,1.1802792209248987,0.9375000585023578,1,1,1,3.0,2.0,0
1.0386425332146807,1.0152932003139636,0.31515411638038116,4.985821266592682,-0.7352559081171498,-0.4724886356371546,1,1,1,3.0,2.0,0
-0.9335581052557749,-0.9198958259533236,0.23145121223106466,-0.23087756881701807,-0.7352559081171498,-0.4724886356371546,1,0,1,3.0,1.0,1
-0.029632812623482763,-0.15559909616424872,0.31515411638038116,0.6634136601103591,-0.096744198436467,0.9375000585023578,0,1,1,3.0,5.0,0
-0.19398286582935406,-0.3100024759196174,0.31515411638038116,-0.26985376154443624,0.5417675112442158,-0.766236280249553,0,0,1,3.0,3.0,1
-0.687033025446968,-0.7320383805842917,-0.6055778292621006,-0.08182903066245523,0.5417675112442158,0.5850028849674797,0,1,1,3.0,5.0,0
0.2990672937882598,0.17379478064720444,-0.6055778292621006,-0.418082532739149,1.1802792209248987,-1.0599839248619514,1,0,1,2.0,1.0,0
-1.7553083712851314,-1.4345737584712193,-0.10336040436620142,-0.5438794989416,-0.7352559081171498,0.5850028849674797,0,0,1,3.0,5.0,1
-0.19398286582935406,-0.3100024759196174,-0.43817202096346747,0.43984085287851477,0.5417675112442158,2.2887392237193906,1,1,0,3.0,1.0,0
-0.35833291903522535,-0.4575434832414141,0.06404540393243162,0.2535301801853112,0.5417675112442158,0.40875429820004067,1,1,1,3.0,2.0,0
-0.9335581052557749,-0.9198958259533236,-0.10336040436620142,-0.42677504348432316,0.5417675112442158,0.11500665358764223,1,0,1,3.0,1.0,1
0.6277674002000024,0.5306381471929453,-0.9403894458593666,-0.4248642412251816,3.0958143499669473,-1.2949820405518702,1,0,1,2.0,1.0,0
-0.35833291903522535,-0.4575434832414141,0.06404540393243162,-0.9761202595898324,-0.096744198436467,-1.1774829827069109,1,0,1,1.0,5.0,0
-0.029632812623482763,-0.15559909616424872,-0.10336040436620142,-0.752547452357988,-1.3737676177978326,0.6437524138899594,0,0,1,2.0,5.0,0
-0.8513830786528392,-0.8589922706053726,0.4825599246790142,1.7812776962695804,-0.7352559081171498,0.35000476927756097,0,1,1,3.0,1.0,0
1.202992586420552,1.221164373321122,-0.689280733411417,-0.2339993904486654,1.1802792209248987,-0.4724886356371546,1,0,1,2.0,4.0,0
0.4634173469941311,0.34878527770328893,7.6810096815202344,1.706753427192299,0.5417675112442158,2.6999859261767485,1,1,1,3.0,2.0,0
1.0386425332146807,1.0152932003139636,-0.10336040436620142,-0.9761202595898324,-0.7352559081171498,0.702501942812439,1,1,1,3.0,4.0,0
2.2712679322587155,2.7265973259359666,-0.6055778292621006,-0.2621777618294763,-0.7352559081171498,-1.706228743009228,1,0,1,2.0,2.0,0
-0.9335581052557749,-0.9198958259533236,7.6810096815202344,0.17900591110802977,0.5417675112442158,1.289997232037236,0,0,1,3.0,1.0,1
0.052542213979452884,-0.0758240166239749,-0.354469116814151,0.08957678821529205,0.5417675112442158,0.5850028849674797,0,1,1,3.0,3.0,0
-1.0979081584616461,-1.0365561573240467,0.31515411638038116,-0.23087756881701807,-1.3737676177978326,0.35000476927756097,0,1,1,3.0,5.0,0
0.2990672937882598,0.17379478064720444,-0.6055778292621006,0.31985677966409165,1.1802792209248987,-0.17874099102475619,1,0,1,2.0,2.0,0
1.1208175598176162,1.1173709902633464,-0.6055778292621006,-0.9761202595898324,-0.7352559081171498,-0.11999146210227651,1,0,1,2.0,5.0,0
0.7921174534058737,0.7193533891161737,0.31515411638038116,-0.9761202595898324,-0.7352559081171498,0.9962495874248375,1,0,0,2.0,2.0,0
-1.2622582116675174,-1.1463541162611977,0.06404540393243162,-0.6780231832807067,-0.096744198436467,-1.0599839248619514,1,0,1,3.0,1.0,1
-1.3444332382704531,-1.1986797060671837,0.14774830808174813,-0.25323484954020253,-0.7352559081171498,-1.9999763876216263,0,0,1,3.0,1.0,1
0.21689226718532417,0.08887292178175168,0.06404540393243162,-0.9761202595898324,-0.096744198436467,0.11500665358764223,0,0,0,2.0,3.0,0
-1.4266082648733889,-1.2492897027647767,-0.10336040436620142,0.19987270644966856,0.5417675112442158,0.11500665358764223,1,1,1,3.0,1.0,0
-1.2622582116675174,-1.1463541162611977,0.31515411638038116,2.1538990416559876,-0.7352559081171498,1.5837448766496343,1,1,0,3.0,1.0,0
2.3534429588616512,2.854409012511244,-0.6055778292621006,-0.46412139044702116,-1.3737676177978326,-0.4724886356371546,1,0,1,2.0,4.0,0
1.7782177726411015,1.9957546617605548,-0.6055778292621006,-0.9761202595898324,-1.3737676177978326,-0.589987693482114,0,0,1,2.0,4.0,0
0.7921174534058737,0.7193533891161737,-0.6055778292621006,0.924248601880844,-1.3737676177978326,0.40875429820004067,1,1,1,3.0,5.0,0
-0.2761578924322897,-0.38463077613471225,-0.43817202096346747,-0.23832999572474622,0.5417675112442158,-0.17874099102475619,1,1,1,3.0,1.0,0
-1.4266082648733889,-1.2492897027647767,-0.43817202096346747,-0.2681397033556588,0.5417675112442158,-0.4724886356371546,1,1,1,3.0,1.0,0
-0.35833291903522535,-0.4575434832414141,-0.6055778292621006,-0.9761202595898324,0.5417675112442158,-0.11999146210227651,1,0,1,3.0,2.0,1
-0.6048579988440322,-0.6659880459111618,-0.10336040436620142,-0.4395455222334061,0.5417675112442158,0.5850028849674797,1,1,0,3.0,1.0,0
-0.8513830786528392,-0.8589922706053726,-0.10336040436620142,0.17900591110802977,0.5417675112442158,1.289997232037236,1,1,1,3.0,2.0,0
-1.1800831850645819,-1.0923129333468187,0.14774830808174813,0.06721950749210762,-0.096744198436467,0.11500665358764223,1,1,1,3.0,1.0,0
-1.0157331318587106,-0.9790837881928817,0.14774830808174813,-0.9761202595898324,-1.3737676177978326,0.9962495874248375,0,1,0,3.0,5.0,0
-0.35833291903522535,-0.4575434832414141,0.14774830808174813,-0.9761202595898324,0.5417675112442158,-0.0024924042573171404,1,1,0,3.0,2.0,0
0.6277674002000024,0.5306381471929453,-0.7729836375607335,0.5814369641253495,-0.096744198436467,0.526253356045,1,0,0,2.0,2.0,0
0.052542213979452884,-0.0758240166239749,-0.10336040436620142,-0.9761202595898324,1.8187909306055814,-0.8249858091720327,0,1,1,3.0,1.0,0
1.6960427460381657,1.8799521269440282,-0.10336040436620142,-0.6471701358827121,-1.3737676177978326,-1.882477329776667,0,0,1,2.0,3.0,0
-1.1800831850645819,-1.0923129333468187,0.31515411638038116,0.36531658380123333,-1.3737676177978326,1.289997232037236,0,1,1,3.0,5.0,0
0.7921174534058737,0.7193533891161737,-0.10336040436620142,-0.6780231832807067,0.5417675112442158,-0.8249858091720327,0,0,1,2.0,5.0,0
-2.084008477696874,-1.5924083244433738,-0.18706330851551795,-0.09747912716868433,-0.096744198436467,-0.11999146210227651,0,0,1,2.0,2.0,0
0.4634173469941311,0.34878527770328893,-0.6055778292621006,0.6634136601103591,0.5417675112442158,0.40875429820004067,1,1,1,3.0,2.0,0
2.4356179854645865,2.9839362921949144,0.31515411638038116,-0.9761202595898324,-0.7352559081171498,-1.1774829827069109,0,0,1,2.0,1.0,0
-0.440507945638161,-0.528740597239723,0.14774830808174813,0.47710298741715546,1.1802792209248987,0.11500665358764223,1,1,1,3.0,2.0,0
1.6960427460381657,1.8799521269440282,-0.10336040436620142,-0.044566896123814516,-0.7352559081171498,-1.1774829827069109,1,0,1,2.0,2.0,0
-0.6048579988440322,-0.6659880459111618,0.06404540393243162,-0.9761202595898324,-0.7352559081171498,0.5850028849674797,0,1,1,3.0,2.0,0
0.13471724058238854,0.005666656024691899,-0.10336040436620142,0.2907923147239519,1.1802792209248987,0.11500665358764223,1,0,1,2.0,2.0,0
0.7099424268029381,0.6241379716003631,-0.6055778292621006,-0.9761202595898324,-0.7352559081171498,-1.0599839248619514,1,0,1,2.0,2.0,0
1.2851676130234877,1.3266733494872904,-0.6055778292621006,-0.9761202595898324,-0.7352559081171498,-0.766236280249553,0,0,0,3.0,1.0,1
1.5316926928322945,1.6534938366361542,0.31515411638038116,3.4953358850470537,-0.7352559081171498,0.9375000585023578,1,0,1,1.0,2.0,0
0.3812423203911955,0.2604322326210502,0.14774830808174813,0.8804000124411532,1.1802792209248987,-0.7074867513270734,0,1,0,3.0,5.0,0
1.2851676130234877,1.3266733494872904,-0.10336040436620142,0.05678610982128822,-0.096744198436467,-0.4724886356371546,0,1,1,3.0,2.0,0
0.7921174534058737,0.7193533891161737,-0.10336040436620142,-0.23832999572474622,-0.096744198436467,-0.8249858091720327,0,0,1,3.0,4.0,1
0.3812423203911955,0.2604322326210502,0.31515411638038116,2.079374772578706,-0.096744198436467,0.11500665358764223,1,1,1,3.0,2.0,0
0.13471724058238854,0.005666656024691899,0.14774830808174813,-0.752547452357988,-0.7352559081171498,-0.11999146210227651,1,0,1,1.0,5.0,0
-0.1118078392264184,-0.23365858259612954,0.4825599246790142,-0.9761202595898324,-1.3737676177978326,-0.766236280249553,0,0,1,2.0,5.0,0
0.7921174534058737,0.7193533891161737,-0.521874925112784,0.36531658380123333,-1.3737676177978326,1.5837448766496343,1,1,0,3.0,5.0,0
0.052542213979452884,-0.0758240166239749,0.14774830808174813,-0.9761202595898324,-0.096744198436467,0.11500665358764223,0,1,0,3.0,5.0,0
1.2851676130234877,1.3266733494872904,7.178792256624336,-0.9761202595898324,-1.3737676177978326,-0.589987693482114,0,0,1,2.0,3.0,0
-0.7692080520499036,-0.7963731221490287,0.14774830808174813,0.14174377656938905,-1.3737676177978326,0.11500665358764223,1,1,1,3.0,3.0,0
-0.5226829722410966,-0.5982221181296389,-0.6055778292621006,-0.8792387097893665,0.5417675112442158,0.2325057114326016,1,0,1,3.0,2.0,1
-0.440507945638161,-0.528740597239723,-0.6055778292621006,-0.564001051592466,-0.096744198436467,0.11500665358764223,1,0,1,2.0,3.0,0
0.7099424268029381,0.6241379716003631,0.31515411638038116,1.393751497067717,-0.096744198436467,-0.17874099102475619,1,1,1,3.0,2.0,0
0.2990672937882598,0.17379478064720444,0.31515411638038116,-0.9761202595898324,0.5417675112442158,-0.11999146210227651,0,1,1,3.0,3.0,0
-1.0157331318587106,-0.9790837881928817,0.14774830808174813,-0.23087756881701807,-0.7352559081171498,0.8200010006573984,1,1,1,3.0,1.0,0
0.21689226718532417,0.08887292178175168,0.31515411638038116,-0.15635329973973666,1.1802792209248987,-1.529980156241789,1,1,1,3.0,2.0,0
-1.5087832914763244,-1.298184106353977,0.14774830808174813,-0.35579067718821256,-0.096744198436467,-0.766236280249553,0,0,1,3.0,3.0,1
-0.8513830786528392,-0.8589922706053726,-0.354469116814151,-0.9761202595898324,-0.096744198436467,0.6437524138899594,1,0,1,2.0,1.0,0
1.0386425332146807,1.0152932003139636,0.31515411638038116,1.7812776962695804,0.5417675112442158,0.40875429820004067,1,1,1,3.0,2.0,0
1.1208175598176162,1.1173709902633464,-0.43817202096346747,-0.14964611552278134,-0.7352559081171498,-0.4724886356371546,1,0,1,2.0,2.0,0
0.7921174534058737,0.7193533891161737,-0.9403894458593666,-0.648213475649794,-0.096744198436467,-0.17874099102475619,1,0,1,3.0,4.0,1
-0.19398286582935406,-0.3100024759196174,0.23145121223106466,-0.2584515483756122,-1.3737676177978326,0.11500665358764223,0,1,0,3.0,5.0,0
-1.5909583180792601,-1.345362916834784,0.31515411638038116,-0.22342514190928994,-0.7352559081171498,-0.9424848670169921,0,1,0,3.0,1.0,0
0.13471724058238854,0.005666656024691899,0.14774830808174813,-0.8270717214352695,-1.3737676177978326,-1.35373156947435,1,0,1,2.0,3.0,0
0.7921174534058737,0.7193533891161737,0.14774830808174813,0.7752000637262811,0.5417675112442158,0.11500665358764223,0,1,1,3.0,3.0,0
1.1208175598176162,1.1173709902633464,-0.6055778292621006,-0.9761202595898324,0.5417675112442158,1.0549991163473171,0,0,1,3.0,3.0,1
-0.029632812623482763,-0.15559909616424872,-0.6055778292621006,-0.33968300166984894,1.8187909306055814,-0.4724886356371546,0,0,1,3.0,5.0,1
-0.9335581052557749,-0.9198958259533236,0.31515411638038116,1.2596078127286106,-1.3737676177978326,0.6437524138899594,1,1,1,3.0,5.0,0
-1.5087832914763244,-1.298184106353977,0.31515411638038116,0.2162680456466705,0.5417675112442158,-0.11999146210227651,1,0,1,2.0,2.0,0
-1.1800831850645819,-1.0923129333468187,-0.10336040436620142,0.43984085287851477,-0.096744198436467,0.9375000585023578,1,0,1,2.0,5.0,0
-1.4266082648733889,-1.2492897027647767,-0.10336040436620142,-0.9761202595898324,0.5417675112442158,1.5249953477271547,1,0,0,3.0,5.0,1
-0.9335581052557749,-0.9198958259533236,-0.10336040436620142,0.7379379291876405,1.1802792209248987,1.994991579106992,0,1,1,3.0,1.0,0
-1.0157331318587106,-0.9790837881928817,-0.10336040436620142,-0.9761202595898324,1.1802792209248987,0.11500665358764223,1,0,1,3.0,2.0,1
2.106917879052844,2.4761207321105907,-0.6055778292621006,-0.41718824151022166,-1.3737676177978326,-1.1774829827069109,0,0,0,3.0,3.0,1
-1.1800831850645819,-1.0923129333468187,-0.10336040436620142,-0.4627970941855179,0.5417675112442158,-0.17874099102475619,1,0,1,3.0,2.0,1
-2.001833451093938,-1.5555230726129246,-0.10336040436620142,0.36531658380123333,-0.7352559081171498,0.5850028849674797,1,1,1,3.0,1.0,0
-0.9335581052557749,-0.9198958259533236,-0.10336040436620142,-0.2845350425526607,1.8187909306055814,-1.2949820405518702,0,0,1,3.0,3.0,1
1.5316926928322945,1.6534938366361542,0.23145121223106466,1.510548167293705,1.1802792209248987,0.9375000585023578,1,1,1,3.0,2.0,0
2.0247428524499083,2.353455824860492,-0.9403894458593666,0.5391705249181693,-0.096744198436467,-2.234974503311545,1,1,0,3.0,2.0,0
-1.0157331318587106,-0.9790837881928817,-0.10336040436620142,0.06721950749210762,-0.096744198436467,-0.4724886356371546,0,1,1,3.0,1.0,0
-0.7692080520499036,-0.7963731221490287,0.31515411638038116,-0.9761202595898324,-0.096744198436467,-1.35373156947435,1,0,1,3.0,1.0,1
-0.029632812623482763,-0.15559909616424872,0.31515411638038116,-0.9761202595898324,1.1802792209248987,0.35000476927756097,1,1,0,3.0,2.0,0
-0.2761578924322897,-0.38463077613471225,0.06404540393243162,-0.9761202595898324,-0.096744198436467,1.289997232037236,0,0,1,3.0,1.0,1
-0.5226829722410966,-0.5982221181296389,-0.10336040436620142,-0.5289746451261438,-1.3737676177978326,-0.4724886356371546,0,1,1,3.0,5.0,0
0.3812423203911955,0.2604322326210502,0.23145121223106466,0.8310932655342422,0.5417675112442158,1.1137486452697969,1,1,0,3.0,2.0,0
0.052542213979452884,-0.0758240166239749,0.31515411638038116,-0.9761202595898324,0.5417675112442158,-0.23749051994723588,1,1,0,3.0,2.0,0
-1.9196584244910027,-1.5169222276740826,-0.10336040436620142,-0.30540183789429953,-1.3737676177978326,-0.4724886356371546,1,0,1,3.0,5.0,1
1.5316926928322945,1.6534938366361542,0.06404540393243162,-0.9761202595898324,-0.7352559081171498,-0.11999146210227651,0,0,1,2.0,2.0,0
-0.687033025446968,-0.7320383805842917,-0.10336040436620142,0.007940668139965657,0.5417675112442158,-0.4724886356371546,1,1,1,3.0,1.0,0
1.449517666229359,1.5428380811448066,-0.6055778292621006,-0.6576825292787535,-1.3737676177978326,-1.0599839248619514,0,0,1,2.0,4.0,0
-0.8513830786528392,-0.8589922706053726,-0.10336040436620142,-0.23087756881701807,1.1802792209248987,0.35000476927756097,1,1,1,3.0,2.0,0
0.5455923735970668,0.43885391589392064,0.31515411638038116,2.027207784224609,1.8187909306055814,-0.17874099102475619,1,1,1,3.0,2.0,0
-0.5226829722410966,-0.5982221181296389,-0.354469116814151,0.8795340404344751,1.8187909306055814,0.40875429820004067,0,1,1,3.0,3.0,0
0.956467506611745,0.9149310034729741,-0.43817202096346747,-0.037114469216086375,-0.7352559081171498,0.5850028849674797,1,1,0,3.0,2.0,0
-1.0157331318587106,-0.9790837881928817,-0.10336040436620142,0.6634136601103591,-0.096744198436467,-0.6487372224045936,0,0,1,3.0,1.0,1
-1.0979081584616461,-1.0365561573240467,0.31515411638038116,0.7379379291876405,-0.7352559081171498,0.6437524138899594,1,1,0,3.0,1.0,0
-1.0979081584616461,-1.0365561573240467,-0.10336040436620142,-0.6392705633605203,-0.096744198436467,1.994991579106992,0,0,1,3.0,5.0,1
-1.2622582116675174,-1.1463541162611977,-0.019657500216884904,0.7968121017586928,0.5417675112442158,0.35000476927756097,0,1,1,3.0,5.0,0
0.3812423203911955,0.2604322326210502,0.14774830808174813,-0.9761202595898324,-1.3737676177978326,1.4074962898821952,1,0,0,2.0,5.0,0
1.0386425332146807,1.0152932003139636,-0.6055778292621006,-0.9761202595898324,2.4573026402862643,0.11500665358764223,1,0,1,1.0,1.0,0
-0.8513830786528392,-0.8589922706053726,0.14774830808174813,-0.23087756881701807,-1.3737676177978326,-0.766236280249553,1,0,1,3.0,5.0,1
-0.1118078392264184,-0.23365858259612954,0.14774830808174813,0.36531658380123333,-0.096744198436467,-0.4724886356371546,0,1,1,3.0,1.0,0
-0.029632812623482763,-0.15559909616424872,0.31515411638038116,1.557704889037736,-0.096744198436467,0.40875429820004067,0,1,1,3.0,3.0,0
0.4634173469941311,0.34878527770328893,-0.354469116814151,1.1031068476663195,-0.7352559081171498,1.4074962898821952,0,1,0,3.0,3.0,0
-0.1118078392264184,-0.23365858259612954,-0.6055778292621006,-0.9761202595898324,0.5417675112442158,0.11500665358764223,1,0,1,3.0,1.0,1
-1.1800831850645819,-1.0923129333468187,0.14774830808174813,0.06721950749210762,1.1802792209248987,0.11500665358764223,1,1,1,3.0,1.0,0
-0.687033025446968,-0.7320383805842917,-0.10336040436620142,-0.16804988377141597,-0.7352559081171498,0.5850028849674797,1,1,1,3.0,5.0,0
0.21689226718532417,0.08887292178175168,-0.354469116814151,-0.9761202595898324,-0.096744198436467,0.11500665358764223,1,0,1,3.0,3.0,1
-0.6048579988440322,-0.6659880459111618,0.14774830808174813,0.924248601880844,-0.096744198436467,0.4675038271225203,1,1,0,3.0,1.0,0
0.7099424268029381,0.6241379716003631,-0.10336040436620142,-0.9761202595898324,4.372837769328313,0.5850028849674797,0,0,1,2.0,1.0,0
1.0386425332146807,1.0152932003139636,-0.6055778292621006,-0.14144844592428038,-0.096744198436467,0.9962495874248375,1,0,1,3.0,2.0,1
0.5455923735970668,0.43885391589392064,-0.521874925112784,0.38663052475733584,0.5417675112442158,0.5850028849674797,1,1,1,3.0,1.0,0
-0.19398286582935406,-0.3100024759196174,-0.10336040436620142,2.1911611761946284,-0.096744198436467,1.8774925212620328,1,1,1,3.0,2.0,0
-1.5087832914763244,-1.298184106353977,0.31515411638038116,-0.5289746451261438,-1.3737676177978326,-0.4724886356371546,1,1,1,3.0,5.0,0
-1.5909583180792601,-1.345362916834784,-0.27076621266483447,1.6694912926536583,-0.096744198436467,0.5850028849674797,1,1,1,3.0,2.0,0
-0.35833291903522535,-0.4575434832414141,0.31515411638038116,0.5292699757712525,-0.096744198436467,0.5850028849674797,1,1,1,3.0,1.0,0
0.2990672937882598,0.17379478064720444,0.31515411638038116,0.36531658380123333,0.5417675112442158,0.702501942812439,1,0,1,2.0,2.0,0
-0.2761578924322897,-0.38463077613471225,-0.6055778292621006,-0.6034989142034252,-1.3737676177978326,0.11500665358764223,1,0,1,3.0,5.0,1
-0.687033025446968,-0.7320383805842917,-0.10336040436620142,0.17155348420030161,0.5417675112442158,0.5850028849674797,1,1,1,3.0,2.0,0
2.1890929056557797,2.600501232469082,-0.6055778292621006,1.7518137812471863,2.4573026402862643,0.5850028849674797,1,0,1,3.0,2.0,1
0.7099424268029381,0.6241379716003631,-0.6055778292621006,0.4845554143248836,0.5417675112442158,1.8774925212620328,1,0,1,3.0,2.0,1
-0.7692080520499036,-0.7963731221490287,0.31515411638038116,-0.9761202595898324,-0.7352559081171498,0.35000476927756097,1,1,1,3.0,1.0,0
-0.029632812623482763,-0.15559909616424872,0.14774830808174813,-0.9761202595898324,-0.7352559081171498,0.11500665358764223,1,0,1,2.0,2.0,0
-1.0979081584616461,-1.0365561573240467,-0.43817202096346747,-0.9761202595898324,-0.7352559081171498,0.11500665358764223,1,0,1,2.0,1.0,0
2.106917879052844,2.4761207321105907,-0.10336040436620142,0.39013763686011266,-0.7352559081171498,-1.0599839248619514,1,0,1,3.0,2.0,1
-1.3444332382704531,-1.1986797060671837,-0.10336040436620142,-0.5010653063567019,-0.7352559081171498,-0.8249858091720327,0,0,1,3.0,5.0,1
-1.837483397888067,-1.4766057896268474,-0.10336040436620142,-0.6780231832807067,-1.3737676177978326,-0.4724886356371546,0,0,1,3.0,5.0,1
-0.5226829722410966,-0.5982221181296389,0.3988570205296977,6.502390142315359,1.1802792209248987,1.5249953477271547,0,1,0,3.0,1.0,0
0.052542213979452884,-0.0758240166239749,-0.6055778292621006,-0.3903595046424003,0.5417675112442158,3.933726033548822,0,0,1,2.0,1.0,0
-0.19398286582935406,-0.3100024759196174,-0.43817202096346747,-0.9761202595898324,1.8187909306055814,0.11500665358764223,1,0,1,3.0,1.0,1
-0.8513830786528392,-0.8589922706053726,0.14774830808174813,-0.9761202595898324,-0.7352559081171498,0.40875429820004067,1,1,1,3.0,2.0,0
-0.19398286582935406,-0.3100024759196174,0.31515411638038116,0.36531658380123333,-1.3737676177978326,0.4675038271225203,0,1,1,3.0,3.0,0
0.13471724058238854,0.005666656024691899,-0.10336040436620142,0.12609368006315994,0.5417675112442158,0.11500665358764223,0,1,1,3.0,3.0,0
0.21689226718532417,0.08887292178175168,-0.10336040436620142,-0.29124222676961603,2.4573026402862643,-0.11999146210227651,1,0,1,3.0,1.0,1
0.956467506611745,0.9149310034729741,-0.43817202096346747,-0.9761202595898324,0.5417675112442158,0.702501942812439,1,1,1,3.0,2.0,0
1.202992586420552,1.221164373321122,-0.6055778292621006,-0.07065039030086302,-0.7352559081171498,0.5850028849674797,1,1,1,3.0,2.0,0
2.3534429588616512,2.854409012511244,0.31515411638038116,-0.9761202595898324,-1.3737676177978326,-1.706228743009228,0,0,1,2.0,4.0,0
0.052542213979452884,-0.0758240166239749,-0.521874925112784,-0.9761202595898324,-0.096744198436467,-1.2949820405518702,0,1,1,3.0,5.0,0
-0.19398286582935406,-0.3100024759196174,-0.6055778292621006,0.04039077062428631,3.0958143499669473,-1.529980156241789,0,0,1,2.0,5.0,0
1.449517666229359,1.5428380811448066,-0.43817202096346747,0.14174377656938905,-0.096744198436467,-0.4724886356371546,0,0,1,1.0,3.0,0
-0.1118078392264184,-0.23365858259612954,0.14774830808174813,0.2907923147239519,0.5417675112442158,-0.17874099102475619,1,1,1,3.0,2.0,0
-1.1800831850645819,-1.0923129333468187,-0.10336040436620142,-0.9761202595898324,-0.7352559081171498,0.40875429820004067,1,0,0,1.0,1.0,0
1.6960427460381657,1.8799521269440282,-0.6055778292621006,-0.011695731519207227,-0.7352559081171498,-0.11999146210227651,1,0,1,2.0,2.0,0
0.6277674002000024,0.5306381471929453,-0.354469116814151,-0.41718824151022166,-0.096744198436467,0.40875429820004067,1,1,1,3.0,1.0,0
-1.1800831850645819,-1.0923129333468187,0.31515411638038116,0.2907923147239519,-0.7352559081171498,-0.4724886356371546,1,1,1,3.0,1.0,0
-0.687033025446968,-0.7320383805842917,-0.6055778292621006,-0.9761202595898324,1.1802792209248987,-0.35498957779219525,1,0,0,3.0,2.0,1
-0.440507945638161,-0.528740597239723,-0.10336040436620142,0.17751542572648413,-0.7352559081171498,0.9375000585023578,0,0,0,3.0,1.0,1
1.449517666229359,1.5428380811448066,-0.27076621266483447,-0.18616300737064922,-0.7352559081171498,1.289997232037236,1,0,1,3.0,2.0,1
0.6277674002000024,0.5306381471929453,-0.6055778292621006,-0.9761202595898324,0.5417675112442158,-0.4724886356371546,0,0,1,3.0,5.0,1
0.7921174534058737,0.7193533891161737,-0.354469116814151,0.36531658380123333,-0.7352559081171498,-1.0012343959394718,1,0,1,2.0,2.0,0
-0.35833291903522535,-0.4575434832414141,-0.10336040436620142,-0.9761202595898324,0.5417675112442158,-2.0587259165441063,0,0,1,3.0,2.0,1
-0.19398286582935406,-0.3100024759196174,-0.6055778292621006,-0.6780231832807067,-1.3737676177978326,-0.4724886356371546,1,0,1,1.0,3.0,0
-2.001833451093938,-1.5555230726129246,-0.019657500216884904,-0.6034989142034252,-1.3737676177978326,-1.706228743009228,0,0,1,2.0,5.0,0
1.1208175598176162,1.1173709902633464,0.14774830808174813,1.3337594604605054,-0.096744198436467,1.289997232037236,1,1,0,3.0,1.0,0
-0.19398286582935406,-0.3100024759196174,0.31515411638038116,2.750093194274239,-0.096744198436467,0.11500665358764223,1,0,1,3.0,5.0,1
0.956467506611745,0.9149310034729741,0.14774830808174813,0.9615107364194847,-0.7352559081171498,-0.23749051994723588,0,1,1,3.0,1.0,0
-0.2761578924322897,-0.38463077613471225,0.31515411638038116,-0.9761202595898324,0.5417675112442158,2.1124906369519514,1,0,0,1.0,2.0,0
-1.0157331318587106,-0.9790837881928817,-0.10336040436620142,-0.752547452357988,-0.096744198436467,-1.706228743009228,0,0,1,3.0,3.0,1
-1.5909583180792601,-1.345362916834784,-0.10336040436620142,-0.7216795001061781,-0.7352559081171498,-1.529980156241789,0,0,1,3.0,5.0,1
1.2851676130234877,1.3266733494872904,-0.354469116814151,0.14174377656938905,-0.096744198436467,0.11500665358764223,1,1,1,3.0,2.0,0
-0.9335581052557749,-0.9198958259533236,-0.43817202096346747,-0.5625105662109204,-0.096744198436467,-0.4724886356371546,0,0,1,3.0,5.0,1
0.8742924800088093,0.8162843997403774,-0.6055778292621006,-0.044566896123814516,-0.7352559081171498,-0.4724886356371546,0,1,1,3.0,1.0,0
2.1890929056557797,2.600501232469082,-0.6055778292621006,-0.5617653235201476,-1.3737676177978326,-1.1774829827069109,0,0,1,2.0,5.0,0
-0.440507945638161,-0.528740597239723,-0.6055778292621006,-0.9761202595898324,0.5417675112442158,-1.9999763876216263,0,0,1,3.0,3.0,1
-0.9335581052557749,-0.9198958259533236,0.31515411638038116,1.8185398308082212,-0.096744198436467,0.11500665358764223,1,0,1,3.0,1.0,1
0.6277674002000024,0.5306381471929453,0.31515411638038116,-0.9761202595898324,-0.096744198436467,-2.234974503311545,0,1,0,3.0,3.0,0
-0.1118078392264184,-0.23365858259612954,0.31515411638038116,-0.9761202595898324,-0.096744198436467,0.11500665358764223,0,0,1,2.0,3.0,0
0.8742924800088093,0.8162843997403774,-0.10336040436620142,-0.45445037604886235,0.5417675112442158,0.11500665358764223,1,0,1,3.0,2.0,1
1.202992586420552,1.221164373321122,-0.27076621266483447,-0.8270717214352695,-1.3737676177978326,-2.234974503311545,1,0,0,2.0,5.0,0
0.13471724058238854,0.005666656024691899,0.31515411638038116,-0.9761202595898324,-0.096744198436467,2.6999859261767485,1,0,1,1.0,1.0,0
-0.19398286582935406,-0.3100024759196174,0.31515411638038116,-0.4730814433181827,-1.3737676177978326,-0.766236280249553,0,1,1,3.0,5.0,0
1.202992586420552,1.221164373321122,-0.6055778292621006,0.402578718339874,-0.096744198436467,0.35000476927756097,1,1,1,3.0,2.0,0
0.4634173469941311,0.34878527770328893,-0.43817202096346747,0.06721950749210762,-0.096744198436467,0.40875429820004067,0,1,1,3.0,1.0,0
0.3812423203911955,0.2604322326210502,0.14774830808174813,-0.02280580955324834,-0.096744198436467,0.6437524138899594,0,1,1,3.0,4.0,0
-1.5087832914763244,-1.298184106353977,0.14774830808174813,-0.2159727150015618,-0.096744198436467,0.702501942812439,0,1,0,3.0,1.0,0
1.3673426396264232,1.4338979187618521,-0.6055778292621006,-0.9761202595898324,-0.096744198436467,1.289997232037236,1,1,1,3.0,2.0,0
-1.1800831850645819,-1.0923129333468187,0.31515411638038116,-0.9761202595898324,-1.3737676177978326,0.9375000585023578,0,1,0,3.0,5.0,0
0.6277674002000024,0.5306381471929453,-0.10336040436620142,-0.08182903066245523,-1.3737676177978326,-0.11999146210227651,1,0,1,1.0,5.0,0
1.449517666229359,1.5428380811448066,-0.6055778292621006,-0.9761202595898324,-1.3737676177978326,-1.529980156241789,0,0,1,2.0,5.0,0
-0.2761578924322897,-0.38463077613471225,-0.10336040436620142,-0.9761202595898324,-0.096744198436467,-1.0012343959394718,1,1,0,3.0,1.0,0
-0.19398286582935406,-0.3100024759196174,-0.10336040436620142,-0.9761202595898324,0.5417675112442158,0.5850028849674797,1,1,1,3.0,2.0,0
-1.2622582116675174,-1.1463541162611977,-0.6055778292621006,0.1864583380157579,2.4573026402862643,0.2325057114326016,0,0,1,2.0,2.0,0
-0.440507945638161,-0.528740597239723,-0.10336040436620142,0.5888893910330776,0.5417675112442158,0.2325057114326016,0,0,1,2.0,5.0,0
-2.001833451093938,-1.5555230726129246,7.6810096815202344,-0.9761202595898324,-0.096744198436467,-0.23749051994723588,1,0,1,3.0,1.0,1
-0.8513830786528392,-0.8589922706053726,0.31515411638038116,0.5806917214345767,-0.096744198436467,0.11500665358764223,1,0,1,2.0,1.0,0
-0.687033025446968,-0.7320383805842917,-0.6055778292621006,0.12534843737238713,1.1802792209248987,-1.706228743009228,0,0,1,3.0,1.0,1
-1.1800831850645819,-1.0923129333468187,-0.10336040436620142,-0.9761202595898324,-0.096744198436467,-1.7649782719317078,0,0,1,3.0,1.0,1
1.7782177726411015,1.9957546617605548,-0.6055778292621006,-0.9761202595898324,0.5417675112442158,-1.529980156241789,0,0,1,3.0,3.0,1
0.7921174534058737,0.7193533891161737,0.14774830808174813,-0.9761202595898324,-0.096744198436467,-1.0599839248619514,0,1,1,3.0,5.0,0
0.6277674002000024,0.5306381471929453,-0.10336040436620142,0.7379379291876405,0.5417675112442158,-2.234974503311545,1,1,0,3.0,2.0,0
-1.837483397888067,-1.4766057896268474,-0.10336040436620142,0.31314959544713633,-0.7352559081171498,1.4074962898821952,1,0,1,2.0,1.0,0
0.2990672937882598,0.17379478064720444,-0.521874925112784,-0.9761202595898324,1.1802792209248987,-1.0599839248619514,1,0,1,3.0,2.0,1
0.7921174534058737,0.7193533891161737,0.31515411638038116,-0.9761202595898324,-1.3737676177978326,0.11500665358764223,1,0,1,1.0,5.0,0
-0.687033025446968,-0.7320383805842917,-0.10336040436620142,0.14174377656938905,1.1802792209248987,0.11500665358764223,1,1,1,3.0,1.0,0
-1.2622582116675174,-1.1463541162611977,0.14774830808174813,-0.5975369726772427,-1.3737676177978326,-0.589987693482114,0,0,0,3.0,5.0,1
-1.4266082648733889,-1.2492897027647767,0.14774830808174813,0.5516272564944369,-0.7352559081171498,-0.11999146210227651,1,0,1,3.0,5.0,1
-0.029632812623482763,-0.15559909616424872,-0.10336040436620142,-0.9761202595898324,1.1802792209248987,-0.4724886356371546,0,0,1,2.0,3.0,0
-0.2761578924322897,-0.38463077613471225,0.14774830808174813,-0.9761202595898324,1.1802792209248987,2.8174849840217076,1,1,0,3.0,2.0,0
0.3812423203911955,0.2604322326210502,-0.10336040436620142,0.044862226768923194,-0.096744198436467,-0.4724886356371546,0,1,1,3.0,3.0,0
-1.6731333446821957,-1.3908261342071981,-0.10336040436620142,0.044862226768923194,0.5417675112442158,-0.4724886356371546,0,0,1,3.0,1.0,1
-1.5087832914763244,-1.298184106353977,-0.354469116814151,-0.24131096648783748,-0.096744198436467,0.5850028849674797,0,0,1,3.0,5.0,1
-1.1800831850645819,-1.0923129333468187,-0.43817202096346747,-0.09673388447791152,-0.096744198436467,-0.35498957779219525,1,0,1,3.0,1.0,1
-0.7692080520499036,-0.7963731221490287,-0.43817202096346747,-0.6705707563729785,0.5417675112442158,-2.234974503311545,0,0,0,2.0,5.0,0
1.0386425332146807,1.0152932003139636,-0.10336040436620142,-0.9761202595898324,1.1802792209248987,0.35000476927756097,0,1,1,3.0,3.0,0
-0.029632812623482763,-0.15559909616424872,0.14774830808174813,0.5516272564944369,0.5417675112442158,0.11500665358764223,1,1,1,3.0,1.0,0
-1.1800831850645819,-1.0923129333468187,-0.10336040436620142,-0.06096223532081643,-0.7352559081171498,0.11500665358764223,1,1,0,3.0,1.0,0
0.13471724058238854,0.005666656024691899,-0.10336040436620142,-0.23087756881701807,-0.096744198436467,-0.4724886356371546,0,1,1,3.0,5.0,0
-1.5087832914763244,-1.298184106353977,-0.10336040436620142,1.1105592745740476,-0.7352559081171498,0.11500665358764223,1,1,1,3.0,1.0,0
0.4634173469941311,0.34878527770328893,-0.10336040436620142,-0.23087756881701807,-1.3737676177978326,0.5850028849674797,1,0,1,3.0,5.0,1
0.5455923735970668,0.43885391589392064,0.14774830808174813,-0.24578242263247438,-0.096744198436467,0.11500665358764223,1,1,1,3.0,2.0,0
-1.5909583180792601,-1.345362916834784,-0.10336040436620142,-0.14144844592428038,-0.7352559081171498,0.2325057114326016,1,1,0,3.0,1.0,0
2.106917879052844,2.4761207321105907,-0.10336040436620142,-0.9761202595898324,-0.7352559081171498,0.702501942812439,0,0,1,2.0,1.0,0
0.7099424268029381,0.6241379716003631,-0.43817202096346747,-0.08182903066245523,-0.096744198436467,0.11500665358764223,1,1,1,3.0,1.0,0
-1.1800831850645819,-1.0923129333468187,-0.354469116814151,-0.2159727150015618,0.5417675112442158,-0.11999146210227651,0,0,1,2.0,3.0,0
0.3812423203911955,0.2604322326210502,-0.43817202096346747,-0.23087756881701807,-0.7352559081171498,0.11500665358764223,1,0,1,2.0,2.0,0
-0.8513830786528392,-0.8589922706053726,0.14774830808174813,-0.9761202595898324,0.5417675112442158,0.11500665358764223,0,1,1,3.0,5.0,0
0.052542213979452884,-0.0758240166239749,-0.10336040436620142,-0.9761202595898324,-0.096744198436467,0.11500665358764223,0,0,1,3.0,3.0,1
-0.8513830786528392,-0.8589922706053726,-0.43817202096346747,0.12981989351702403,0.5417675112442158,0.35000476927756097,1,1,1,3.0,2.0,0
-0.2761578924322897,-0.38463077613471225,-0.6055778292621006,-0.26068727644793066,0.5417675112442158,2.171240165874431,0,0,1,3.0,3.0,1
-0.9335581052557749,-0.9198958259533236,0.31515411638038116,2.2097922434639488,-0.7352559081171498,-1.0599839248619514,0,1,1,3.0,1.0,0
-1.0979081584616461,-1.0365561573240467,-0.10336040436620142,-0.41718824151022166,-0.7352559081171498,-1.0599839248619514,0,1,1,3.0,5.0,0
1.202992586420552,1.221164373321122,0.14774830808174813,-0.35011639934066835,-0.096744198436467,-0.23749051994723588,1,0,1,2.0,2.0,0
1.9425678258469727,2.2325065107187867,-0.6055778292621006,-0.41718824151022166,-1.3737676177978326,-1.8237278008541873,0,0,1,2.0,5.0,0
-0.5226829722410966,-0.5982221181296389,-0.43817202096346747,-0.007304761585173804,0.5417675112442158,0.11500665358764223,1,0,1,2.0,1.0,0
0.7921174534058737,0.7193533891161737,0.31515411638038116,-0.9761202595898324,-0.096744198436467,0.2325057114326016,1,1,1,3.0,5.0,0
-1.0979081584616461,-1.0365561573240467,0.14774830808174813,-0.5289746451261438,-1.3737676177978326,0.702501942812439,1,0,1,2.0,5.0,0
1.5316926928322945,1.6534938366361542,-1.0240923500086831,-0.2984748070835662,-0.7352559081171498,0.11500665358764223,1,0,1,2.0,5.0,0
0.7099424268029381,0.6241379716003631,-0.6055778292621006,-0.5289746451261438,-1.3737676177978326,0.9962495874248375,1,0,1,2.0,3.0,0
-0.8513830786528392,-0.8589922706053726,0.14774830808174813,1.3713942163445325,0.5417675112442158,0.11500665358764223,1,1,1,3.0,1.0,0
-1.6731333446821957,-1.3908261342071981,-0.6055778292621006,-0.9761202595898324,0.5417675112442158,1.994991579106992,1,1,1,3.0,2.0,0
-2.2483585309027454,-1.6610320487790933,-0.354469116814151,-0.6034989142034252,-0.7352559081171498,1.5837448766496343,1,0,1,3.0,1.0,1
0.052542213979452884,-0.0758240166239749,0.06404540393243162,0.7379379291876405,-0.7352559081171498,-0.35498957779219525,0,1,1,3.0,3.0,0
0.3812423203911955,0.2604322326210502,-0.354469116814151,0.12311270930006869,0.5417675112442158,-0.4724886356371546,1,0,1,2.0,2.0,0
1.0386425332146807,1.0152932003139636,-0.10336040436620142,1.9899456496859684,-0.096744198436467,-0.17874099102475619,1,1,1,3.0,2.0,0
-1.0979081584616461,-1.0365561573240467,0.31515411638038116,0.9615107364194847,-0.7352559081171498,-0.6487372224045936,1,1,0,3.0,3.0,0
